date,canton,cases,fatalities,icu,released,ventilated
2020-02-25,AG,NA,NA,NA,NA,NA
2020-02-25,AI,NA,NA,NA,NA,NA
2020-02-25,AR,NA,NA,NA,NA,NA
2020-02-25,BE,NA,NA,NA,NA,NA
2020-02-25,BL,NA,NA,NA,NA,NA
2020-02-25,BS,NA,NA,NA,NA,NA
2020-02-25,FR,NA,NA,NA,NA,NA
2020-02-25,GE,0,0,0,NA,0
2020-02-25,GL,NA,NA,NA,NA,NA
2020-02-25,GR,NA,NA,NA,NA,NA
2020-02-25,JU,NA,NA,NA,NA,NA
2020-02-25,LU,NA,NA,NA,NA,NA
2020-02-25,NE,NA,NA,NA,NA,NA
2020-02-25,NW,NA,NA,NA,NA,NA
2020-02-25,OW,NA,NA,NA,NA,NA
2020-02-25,SG,NA,NA,NA,NA,NA
2020-02-25,SH,NA,NA,NA,NA,NA
2020-02-25,SO,NA,NA,NA,NA,NA
2020-02-25,SZ,NA,NA,NA,NA,NA
2020-02-25,TG,NA,NA,NA,NA,NA
2020-02-25,TI,0,0,0,0,0
2020-02-25,UR,NA,NA,NA,NA,NA
2020-02-25,VD,NA,NA,NA,NA,NA
2020-02-25,VS,NA,NA,NA,NA,NA
2020-02-25,ZG,NA,NA,NA,NA,NA
2020-02-25,ZH,NA,NA,NA,NA,NA
2020-02-26,AG,NA,NA,NA,NA,NA
2020-02-26,AI,NA,NA,NA,NA,NA
2020-02-26,AR,NA,NA,NA,NA,NA
2020-02-26,BE,NA,NA,NA,NA,NA
2020-02-26,BL,NA,NA,NA,NA,NA
2020-02-26,BS,NA,NA,NA,NA,NA
2020-02-26,FR,NA,NA,NA,NA,NA
2020-02-26,GE,1,0,0,NA,0
2020-02-26,GL,NA,NA,NA,NA,NA
2020-02-26,GR,NA,NA,NA,NA,NA
2020-02-26,JU,NA,NA,NA,NA,NA
2020-02-26,LU,NA,NA,NA,NA,NA
2020-02-26,NE,NA,NA,NA,NA,NA
2020-02-26,NW,NA,NA,NA,NA,NA
2020-02-26,OW,NA,NA,NA,NA,NA
2020-02-26,SG,NA,NA,NA,NA,NA
2020-02-26,SH,NA,NA,NA,NA,NA
2020-02-26,SO,NA,NA,NA,NA,NA
2020-02-26,SZ,NA,NA,NA,NA,NA
2020-02-26,TG,NA,NA,NA,NA,NA
2020-02-26,TI,1,0,0,0,0
2020-02-26,UR,NA,NA,NA,NA,NA
2020-02-26,VD,NA,NA,NA,NA,NA
2020-02-26,VS,NA,NA,NA,NA,NA
2020-02-26,ZG,NA,NA,NA,NA,NA
2020-02-26,ZH,NA,NA,NA,NA,NA
2020-02-27,AG,NA,NA,NA,NA,NA
2020-02-27,AI,NA,NA,NA,NA,NA
2020-02-27,AR,NA,NA,NA,NA,NA
2020-02-27,BE,NA,NA,NA,NA,NA
2020-02-27,BL,NA,NA,NA,NA,NA
2020-02-27,BS,1,NA,NA,NA,NA
2020-02-27,FR,NA,NA,NA,NA,NA
2020-02-27,GE,1,0,0,NA,0
2020-02-27,GL,NA,NA,NA,NA,NA
2020-02-27,GR,NA,NA,NA,NA,NA
2020-02-27,JU,1,0,0,NA,NA
2020-02-27,LU,NA,NA,NA,NA,NA
2020-02-27,NE,NA,NA,NA,NA,NA
2020-02-27,NW,NA,NA,NA,NA,NA
2020-02-27,OW,NA,NA,NA,NA,NA
2020-02-27,SG,NA,NA,NA,NA,NA
2020-02-27,SH,NA,NA,NA,NA,NA
2020-02-27,SO,NA,NA,NA,NA,NA
2020-02-27,SZ,NA,NA,NA,NA,NA
2020-02-27,TG,NA,NA,NA,NA,NA
2020-02-27,TI,1,0,0,0,0
2020-02-27,UR,NA,NA,NA,NA,NA
2020-02-27,VD,NA,NA,NA,NA,NA
2020-02-27,VS,NA,NA,NA,NA,NA
2020-02-27,ZG,NA,NA,NA,NA,NA
2020-02-27,ZH,2,NA,NA,NA,NA
2020-02-28,AG,1,NA,NA,NA,NA
2020-02-28,AI,NA,NA,NA,NA,NA
2020-02-28,AR,NA,NA,NA,NA,NA
2020-02-28,BE,1,NA,NA,NA,NA
2020-02-28,BL,1,NA,NA,NA,NA
2020-02-28,BS,1,NA,NA,NA,NA
2020-02-28,FR,NA,NA,NA,NA,NA
2020-02-28,GE,4,0,0,NA,0
2020-02-28,GL,NA,NA,NA,NA,NA
2020-02-28,GR,NA,NA,NA,NA,NA
2020-02-28,JU,1,0,0,NA,NA
2020-02-28,LU,NA,NA,NA,NA,NA
2020-02-28,NE,NA,NA,NA,NA,NA
2020-02-28,NW,NA,NA,NA,NA,NA
2020-02-28,OW,NA,NA,NA,NA,NA
2020-02-28,SG,NA,NA,NA,NA,NA
2020-02-28,SH,NA,NA,NA,NA,NA
2020-02-28,SO,NA,NA,NA,NA,NA
2020-02-28,SZ,NA,NA,NA,NA,NA
2020-02-28,TG,NA,NA,NA,NA,NA
2020-02-28,TI,1,0,0,0,0
2020-02-28,UR,NA,NA,NA,NA,NA
2020-02-28,VD,NA,NA,NA,NA,NA
2020-02-28,VS,1,0,0,NA,0
2020-02-28,ZG,NA,NA,NA,NA,NA
2020-02-28,ZH,2,NA,NA,NA,NA
2020-02-29,AG,NA,NA,NA,NA,NA
2020-02-29,AI,NA,NA,NA,NA,NA
2020-02-29,AR,NA,NA,NA,NA,NA
2020-02-29,BE,NA,NA,NA,NA,NA
2020-02-29,BL,2,NA,0,NA,NA
2020-02-29,BS,1,NA,NA,NA,NA
2020-02-29,FR,NA,NA,NA,NA,NA
2020-02-29,GE,8,0,0,NA,0
2020-02-29,GL,NA,NA,NA,NA,NA
2020-02-29,GR,NA,NA,NA,NA,NA
2020-02-29,JU,1,0,0,NA,NA
2020-02-29,LU,NA,NA,NA,NA,NA
2020-02-29,NE,NA,NA,NA,NA,NA
2020-02-29,NW,NA,NA,NA,NA,NA
2020-02-29,OW,NA,NA,NA,NA,NA
2020-02-29,SG,NA,NA,NA,NA,NA
2020-02-29,SH,NA,NA,NA,NA,NA
2020-02-29,SO,NA,NA,NA,NA,NA
2020-02-29,SZ,NA,NA,NA,NA,NA
2020-02-29,TG,NA,NA,NA,NA,NA
2020-02-29,TI,2,0,0,0,0
2020-02-29,UR,NA,NA,NA,NA,NA
2020-02-29,VD,NA,NA,NA,NA,NA
2020-02-29,VS,1,0,0,NA,0
2020-02-29,ZG,0,0,0,NA,NA
2020-02-29,ZH,6,NA,NA,NA,NA
2020-03-01,AG,NA,NA,NA,NA,NA
2020-03-01,AI,NA,NA,NA,NA,NA
2020-03-01,AR,NA,NA,NA,NA,NA
2020-03-01,BE,2,NA,NA,NA,NA
2020-03-01,BL,2,NA,0,NA,NA
2020-03-01,BS,1,NA,NA,NA,NA
2020-03-01,FR,1,NA,NA,NA,NA
2020-03-01,GE,9,0,0,NA,0
2020-03-01,GL,NA,NA,NA,NA,NA
2020-03-01,GR,NA,NA,NA,NA,NA
2020-03-01,JU,1,0,0,NA,NA
2020-03-01,LU,NA,NA,NA,NA,NA
2020-03-01,NE,1,NA,NA,NA,NA
2020-03-01,NW,NA,NA,NA,NA,NA
2020-03-01,OW,NA,NA,NA,NA,NA
2020-03-01,SG,NA,NA,NA,NA,NA
2020-03-01,SH,NA,NA,NA,NA,NA
2020-03-01,SO,NA,NA,NA,NA,NA
2020-03-01,SZ,NA,NA,NA,NA,NA
2020-03-01,TG,NA,NA,NA,NA,NA
2020-03-01,TI,2,0,0,0,0
2020-03-01,UR,NA,NA,NA,NA,NA
2020-03-01,VD,NA,NA,NA,NA,NA
2020-03-01,VS,2,0,0,NA,0
2020-03-01,ZG,0,0,0,0,NA
2020-03-01,ZH,7,NA,NA,NA,NA
2020-03-02,AG,2,NA,NA,NA,NA
2020-03-02,AI,NA,NA,NA,NA,NA
2020-03-02,AR,NA,NA,NA,NA,NA
2020-03-02,BE,4,NA,NA,NA,NA
2020-03-02,BL,2,NA,0,NA,NA
2020-03-02,BS,1,NA,NA,NA,NA
2020-03-02,FR,2,NA,NA,NA,NA
2020-03-02,GE,10,0,0,NA,0
2020-03-02,GL,NA,NA,NA,NA,NA
2020-03-02,GR,NA,NA,NA,NA,NA
2020-03-02,JU,1,0,0,NA,NA
2020-03-02,LU,NA,NA,NA,NA,NA
2020-03-02,NE,1,NA,NA,NA,NA
2020-03-02,NW,NA,NA,NA,NA,NA
2020-03-02,OW,NA,NA,NA,NA,NA
2020-03-02,SG,0,NA,NA,NA,NA
2020-03-02,SH,NA,NA,NA,NA,NA
2020-03-02,SO,NA,NA,NA,NA,NA
2020-03-02,SZ,NA,NA,NA,NA,NA
2020-03-02,TG,NA,NA,NA,NA,NA
2020-03-02,TI,4,0,0,0,0
2020-03-02,UR,NA,NA,NA,NA,NA
2020-03-02,VD,NA,NA,NA,NA,NA
2020-03-02,VS,3,0,0,NA,0
2020-03-02,ZG,0,0,0,0,NA
2020-03-02,ZH,10,NA,NA,NA,NA
2020-03-03,AG,6,NA,NA,NA,NA
2020-03-03,AI,NA,NA,NA,NA,NA
2020-03-03,AR,NA,NA,NA,NA,NA
2020-03-03,BE,NA,NA,NA,NA,NA
2020-03-03,BL,2,NA,0,NA,NA
2020-03-03,BS,3,NA,NA,NA,NA
2020-03-03,FR,NA,NA,NA,NA,NA
2020-03-03,GE,13,0,0,NA,0
2020-03-03,GL,NA,NA,NA,NA,NA
2020-03-03,GR,NA,NA,NA,NA,NA
2020-03-03,JU,2,0,0,NA,NA
2020-03-03,LU,NA,NA,NA,NA,NA
2020-03-03,NE,1,NA,NA,NA,NA
2020-03-03,NW,NA,NA,NA,NA,NA
2020-03-03,OW,NA,NA,NA,NA,NA
2020-03-03,SG,NA,NA,NA,NA,NA
2020-03-03,SH,NA,NA,NA,NA,NA
2020-03-03,SO,NA,NA,NA,NA,NA
2020-03-03,SZ,1,NA,NA,NA,NA
2020-03-03,TG,NA,NA,NA,NA,NA
2020-03-03,TI,8,0,0,0,0
2020-03-03,UR,NA,NA,NA,NA,NA
2020-03-03,VD,NA,NA,NA,NA,NA
2020-03-03,VS,3,0,0,NA,0
2020-03-03,ZG,1,0,0,0,NA
2020-03-03,ZH,13,NA,NA,NA,NA
2020-03-04,AG,7,NA,NA,NA,NA
2020-03-04,AI,NA,NA,NA,NA,NA
2020-03-04,AR,NA,NA,NA,NA,NA
2020-03-04,BE,6,NA,NA,NA,NA
2020-03-04,BL,2,NA,0,NA,NA
2020-03-04,BS,3,NA,NA,NA,NA
2020-03-04,FR,4,NA,NA,NA,NA
2020-03-04,GE,14,0,0,NA,0
2020-03-04,GL,NA,NA,NA,NA,NA
2020-03-04,GR,NA,NA,NA,NA,NA
2020-03-04,JU,2,0,0,NA,NA
2020-03-04,LU,0,NA,NA,NA,NA
2020-03-04,NE,8,NA,NA,NA,NA
2020-03-04,NW,NA,NA,NA,NA,NA
2020-03-04,OW,NA,NA,NA,NA,NA
2020-03-04,SG,1,NA,NA,NA,NA
2020-03-04,SH,NA,NA,NA,NA,NA
2020-03-04,SO,NA,NA,NA,NA,NA
2020-03-04,SZ,3,NA,NA,NA,NA
2020-03-04,TG,NA,NA,NA,NA,NA
2020-03-04,TI,13,0,0,0,0
2020-03-04,UR,NA,NA,NA,NA,NA
2020-03-04,VD,NA,NA,1,NA,NA
2020-03-04,VS,4,0,0,NA,0
2020-03-04,ZG,1,0,0,0,NA
2020-03-04,ZH,15,NA,NA,NA,NA
2020-03-05,AG,9,NA,NA,NA,NA
2020-03-05,AI,NA,NA,NA,NA,NA
2020-03-05,AR,1,NA,NA,NA,NA
2020-03-05,BE,NA,NA,NA,NA,NA
2020-03-05,BL,6,NA,0,NA,NA
2020-03-05,BS,8,NA,NA,NA,NA
2020-03-05,FR,6,NA,NA,NA,NA
2020-03-05,GE,17,0,0,NA,0
2020-03-05,GL,NA,NA,NA,NA,NA
2020-03-05,GR,NA,NA,NA,NA,NA
2020-03-05,JU,4,0,0,NA,NA
2020-03-05,LU,NA,NA,NA,NA,NA
2020-03-05,NE,9,NA,NA,NA,NA
2020-03-05,NW,NA,NA,NA,NA,NA
2020-03-05,OW,NA,NA,NA,NA,NA
2020-03-05,SG,NA,NA,NA,NA,NA
2020-03-05,SH,NA,NA,NA,NA,NA
2020-03-05,SO,NA,NA,NA,NA,NA
2020-03-05,SZ,NA,NA,NA,NA,NA
2020-03-05,TG,NA,NA,NA,NA,NA
2020-03-05,TI,25,0,0,0,0
2020-03-05,UR,NA,NA,NA,NA,NA
2020-03-05,VD,NA,NA,1,NA,NA
2020-03-05,VS,5,0,0,NA,0
2020-03-05,ZG,2,0,0,0,NA
2020-03-05,ZH,23,NA,NA,NA,NA
2020-03-06,AG,12,NA,NA,1,NA
2020-03-06,AI,NA,NA,NA,NA,NA
2020-03-06,AR,1,NA,NA,NA,NA
2020-03-06,BE,17,NA,NA,NA,NA
2020-03-06,BL,6,NA,2,NA,2
2020-03-06,BS,15,NA,NA,NA,NA
2020-03-06,FR,NA,NA,NA,NA,NA
2020-03-06,GE,25,0,0,NA,0
2020-03-06,GL,NA,NA,NA,NA,NA
2020-03-06,GR,NA,NA,NA,NA,NA
2020-03-06,JU,4,0,0,NA,NA
2020-03-06,LU,NA,NA,NA,NA,NA
2020-03-06,NE,13,NA,NA,NA,NA
2020-03-06,NW,NA,NA,NA,NA,NA
2020-03-06,OW,NA,NA,NA,NA,NA
2020-03-06,SG,2,NA,NA,NA,NA
2020-03-06,SH,NA,NA,NA,NA,NA
2020-03-06,SO,1,NA,NA,NA,NA
2020-03-06,SZ,6,NA,NA,NA,NA
2020-03-06,TG,NA,NA,NA,NA,NA
2020-03-06,TI,28,0,0,0,0
2020-03-06,UR,NA,NA,NA,NA,NA
2020-03-06,VD,23,1,2,NA,NA
2020-03-06,VS,6,0,0,NA,0
2020-03-06,ZG,3,0,0,0,NA
2020-03-06,ZH,29,NA,NA,NA,NA
2020-03-07,AG,NA,NA,NA,NA,NA
2020-03-07,AI,NA,NA,NA,NA,NA
2020-03-07,AR,1,NA,NA,NA,NA
2020-03-07,BE,NA,NA,NA,NA,NA
2020-03-07,BL,15,NA,2,NA,2
2020-03-07,BS,21,NA,NA,NA,NA
2020-03-07,FR,NA,NA,NA,NA,NA
2020-03-07,GE,38,0,0,NA,0
2020-03-07,GL,NA,NA,NA,NA,NA
2020-03-07,GR,NA,NA,NA,NA,NA
2020-03-07,JU,5,0,0,NA,NA
2020-03-07,LU,NA,NA,NA,NA,NA
2020-03-07,NE,18,NA,NA,NA,NA
2020-03-07,NW,NA,NA,NA,NA,NA
2020-03-07,OW,NA,NA,NA,NA,NA
2020-03-07,SG,NA,NA,NA,NA,NA
2020-03-07,SH,NA,NA,NA,NA,NA
2020-03-07,SO,NA,NA,NA,NA,NA
2020-03-07,SZ,NA,NA,NA,NA,NA
2020-03-07,TG,NA,NA,NA,NA,NA
2020-03-07,TI,41,0,0,0,0
2020-03-07,UR,NA,NA,NA,NA,NA
2020-03-07,VD,30,1,4,NA,NA
2020-03-07,VS,7,0,0,NA,0
2020-03-07,ZG,3,0,0,0,NA
2020-03-07,ZH,34,NA,NA,NA,NA
2020-03-08,AG,NA,NA,NA,NA,NA
2020-03-08,AI,NA,NA,NA,NA,NA
2020-03-08,AR,1,NA,NA,NA,NA
2020-03-08,BE,NA,NA,NA,NA,NA
2020-03-08,BL,19,1,2,NA,2
2020-03-08,BS,24,NA,NA,NA,NA
2020-03-08,FR,8,NA,NA,NA,NA
2020-03-08,GE,40,0,0,NA,0
2020-03-08,GL,NA,NA,NA,NA,NA
2020-03-08,GR,NA,NA,NA,NA,NA
2020-03-08,JU,5,0,0,NA,NA
2020-03-08,LU,NA,NA,NA,NA,NA
2020-03-08,NE,24,NA,NA,NA,NA
2020-03-08,NW,NA,NA,NA,NA,NA
2020-03-08,OW,NA,NA,NA,NA,NA
2020-03-08,SG,NA,NA,NA,NA,NA
2020-03-08,SH,NA,NA,NA,NA,NA
2020-03-08,SO,NA,NA,NA,NA,NA
2020-03-08,SZ,NA,NA,NA,NA,NA
2020-03-08,TG,NA,NA,NA,NA,NA
2020-03-08,TI,49,0,0,0,0
2020-03-08,UR,NA,NA,NA,NA,NA
2020-03-08,VD,40,1,3,NA,NA
2020-03-08,VS,12,0,1,NA,1
2020-03-08,ZG,3,0,0,0,NA
2020-03-08,ZH,40,NA,NA,NA,NA
2020-03-09,AG,14,NA,NA,2,NA
2020-03-09,AI,NA,NA,NA,NA,NA
2020-03-09,AR,2,NA,NA,NA,NA
2020-03-09,BE,34,NA,NA,NA,NA
2020-03-09,BL,20,1,4,1,4
2020-03-09,BS,28,NA,NA,NA,NA
2020-03-09,FR,11,NA,NA,NA,NA
2020-03-09,GE,56,0,3,NA,1
2020-03-09,GL,NA,NA,NA,NA,NA
2020-03-09,GR,NA,NA,NA,NA,NA
2020-03-09,JU,7,0,0,NA,NA
2020-03-09,LU,NA,NA,NA,NA,NA
2020-03-09,NE,27,NA,NA,NA,NA
2020-03-09,NW,NA,NA,NA,NA,NA
2020-03-09,OW,NA,NA,NA,NA,NA
2020-03-09,SG,NA,NA,NA,NA,NA
2020-03-09,SH,NA,NA,NA,NA,NA
2020-03-09,SO,NA,NA,NA,NA,NA
2020-03-09,SZ,NA,NA,NA,NA,NA
2020-03-09,TG,NA,NA,NA,NA,NA
2020-03-09,TI,61,0,0,0,0
2020-03-09,UR,NA,NA,NA,NA,NA
2020-03-09,VD,51,1,5,NA,NA
2020-03-09,VS,17,0,1,NA,1
2020-03-09,ZG,10,0,0,0,NA
2020-03-09,ZH,49,NA,NA,NA,NA
2020-03-10,AG,17,NA,NA,2,NA
2020-03-10,AI,NA,NA,NA,NA,NA
2020-03-10,AR,NA,NA,NA,NA,NA
2020-03-10,BE,NA,NA,NA,NA,NA
2020-03-10,BL,22,1,1,2,1
2020-03-10,BS,33,NA,NA,NA,NA
2020-03-10,FR,NA,NA,NA,NA,NA
2020-03-10,GE,76,1,4,NA,1
2020-03-10,GL,1,0,NA,NA,NA
2020-03-10,GR,NA,NA,NA,NA,NA
2020-03-10,JU,7,0,0,NA,NA
2020-03-10,LU,NA,NA,NA,NA,NA
2020-03-10,NE,31,NA,NA,NA,NA
2020-03-10,NW,NA,NA,NA,NA,NA
2020-03-10,OW,NA,NA,NA,NA,NA
2020-03-10,SG,NA,NA,NA,NA,NA
2020-03-10,SH,NA,NA,NA,NA,NA
2020-03-10,SO,NA,NA,NA,NA,NA
2020-03-10,SZ,NA,NA,NA,NA,NA
2020-03-10,TG,NA,NA,NA,NA,NA
2020-03-10,TI,75,1,0,0,0
2020-03-10,UR,NA,NA,NA,NA,NA
2020-03-10,VD,130,1,8,NA,NA
2020-03-10,VS,22,0,1,NA,1
2020-03-10,ZG,10,0,0,0,NA
2020-03-10,ZH,62,NA,NA,NA,NA
2020-03-11,AG,18,NA,NA,2,NA
2020-03-11,AI,NA,NA,NA,NA,NA
2020-03-11,AR,NA,NA,NA,NA,NA
2020-03-11,BE,NA,NA,NA,NA,NA
2020-03-11,BL,26,2,1,2,1
2020-03-11,BS,49,NA,2,4,NA
2020-03-11,FR,16,0,NA,NA,NA
2020-03-11,GE,109,1,6,NA,4
2020-03-11,GL,1,0,NA,NA,NA
2020-03-11,GR,NA,NA,NA,NA,NA
2020-03-11,JU,7,0,0,NA,NA
2020-03-11,LU,NA,NA,NA,NA,NA
2020-03-11,NE,37,NA,NA,NA,NA
2020-03-11,NW,4,NA,NA,NA,NA
2020-03-11,OW,NA,NA,NA,NA,NA
2020-03-11,SG,NA,NA,NA,NA,NA
2020-03-11,SH,1,0,NA,NA,NA
2020-03-11,SO,NA,NA,NA,NA,NA
2020-03-11,SZ,NA,NA,NA,NA,NA
2020-03-11,TG,NA,NA,NA,NA,NA
2020-03-11,TI,108,1,0,0,0
2020-03-11,UR,NA,NA,NA,NA,NA
2020-03-11,VD,203,1,7,NA,NA
2020-03-11,VS,30,0,1,NA,1
2020-03-11,ZG,11,0,0,0,NA
2020-03-11,ZH,101,NA,NA,NA,NA
2020-03-12,AG,27,NA,NA,3,NA
2020-03-12,AI,NA,NA,NA,NA,NA
2020-03-12,AR,5,NA,NA,NA,NA
2020-03-12,BE,NA,NA,NA,NA,NA
2020-03-12,BL,26,2,3,2,3
2020-03-12,BS,73,1,NA,4,NA
2020-03-12,FR,22,0,NA,NA,NA
2020-03-12,GE,150,2,6,NA,4
2020-03-12,GL,3,0,NA,NA,NA
2020-03-12,GR,NA,NA,NA,NA,NA
2020-03-12,JU,12,0,0,NA,NA
2020-03-12,LU,NA,NA,NA,NA,NA
2020-03-12,NE,46,NA,NA,NA,NA
2020-03-12,NW,5,NA,NA,NA,NA
2020-03-12,OW,NA,NA,NA,NA,NA
2020-03-12,SG,15,NA,NA,NA,NA
2020-03-12,SH,1,0,NA,NA,NA
2020-03-12,SO,NA,NA,NA,NA,NA
2020-03-12,SZ,NA,NA,NA,NA,NA
2020-03-12,TG,NA,NA,NA,NA,NA
2020-03-12,TI,163,1,0,0,0
2020-03-12,UR,2,NA,NA,NA,NA
2020-03-12,VD,277,3,6,NA,NA
2020-03-12,VS,53,0,1,NA,1
2020-03-12,ZG,11,0,0,0,NA
2020-03-12,ZH,140,NA,NA,NA,NA
2020-03-13,AG,32,NA,NA,3,NA
2020-03-13,AI,NA,NA,NA,NA,NA
2020-03-13,AR,NA,NA,NA,NA,NA
2020-03-13,BE,NA,NA,NA,NA,NA
2020-03-13,BL,42,2,3,2,3
2020-03-13,BS,92,1,NA,4,NA
2020-03-13,FR,29,0,NA,NA,NA
2020-03-13,GE,222,2,7,NA,5
2020-03-13,GL,6,0,NA,NA,NA
2020-03-13,GR,NA,NA,NA,NA,NA
2020-03-13,JU,17,0,0,NA,NA
2020-03-13,LU,NA,NA,NA,NA,NA
2020-03-13,NE,59,NA,NA,NA,NA
2020-03-13,NW,5,NA,NA,NA,NA
2020-03-13,OW,1,NA,NA,NA,NA
2020-03-13,SG,NA,NA,NA,NA,NA
2020-03-13,SH,1,0,NA,NA,NA
2020-03-13,SO,NA,NA,NA,NA,NA
2020-03-13,SZ,9,NA,NA,NA,NA
2020-03-13,TG,NA,NA,NA,NA,NA
2020-03-13,TI,206,1,0,0,0
2020-03-13,UR,NA,NA,NA,NA,NA
2020-03-13,VD,370,3,7,NA,NA
2020-03-13,VS,76,1,1,NA,1
2020-03-13,ZG,11,0,0,0,NA
2020-03-13,ZH,163,NA,NA,NA,NA
2020-03-14,AG,NA,NA,NA,NA,NA
2020-03-14,AI,2,0,NA,NA,NA
2020-03-14,AR,NA,NA,NA,NA,NA
2020-03-14,BE,NA,NA,NA,NA,NA
2020-03-14,BL,47,2,2,2,2
2020-03-14,BS,100,1,NA,4,NA
2020-03-14,FR,36,0,NA,NA,NA
2020-03-14,GE,340,2,8,NA,5
2020-03-14,GL,8,0,NA,NA,NA
2020-03-14,GR,NA,NA,NA,NA,NA
2020-03-14,JU,18,0,0,NA,NA
2020-03-14,LU,NA,NA,NA,NA,NA
2020-03-14,NE,68,NA,NA,NA,NA
2020-03-14,NW,5,NA,NA,NA,NA
2020-03-14,OW,NA,NA,NA,NA,NA
2020-03-14,SG,NA,NA,NA,NA,NA
2020-03-14,SH,1,0,NA,NA,NA
2020-03-14,SO,NA,NA,NA,NA,NA
2020-03-14,SZ,NA,NA,NA,NA,NA
2020-03-14,TG,NA,NA,NA,NA,NA
2020-03-14,TI,265,3,13,61,0
2020-03-14,UR,NA,NA,NA,NA,NA
2020-03-14,VD,477,5,10,NA,NA
2020-03-14,VS,98,1,1,NA,1
2020-03-14,ZG,13,0,0,0,NA
2020-03-14,ZH,218,NA,NA,NA,NA
2020-03-15,AG,NA,NA,NA,NA,NA
2020-03-15,AI,NA,NA,NA,NA,NA
2020-03-15,AR,NA,NA,NA,NA,NA
2020-03-15,BE,NA,NA,NA,NA,NA
2020-03-15,BL,54,2,2,5,2
2020-03-15,BS,NA,NA,NA,NA,NA
2020-03-15,FR,40,0,NA,NA,NA
2020-03-15,GE,423,4,12,NA,8
2020-03-15,GL,10,0,NA,NA,NA
2020-03-15,GR,NA,NA,NA,NA,NA
2020-03-15,JU,19,0,0,NA,NA
2020-03-15,LU,NA,NA,NA,NA,NA
2020-03-15,NE,74,NA,NA,NA,NA
2020-03-15,NW,8,NA,NA,NA,NA
2020-03-15,OW,NA,NA,NA,NA,NA
2020-03-15,SG,NA,NA,NA,NA,NA
2020-03-15,SH,1,0,NA,NA,NA
2020-03-15,SO,NA,NA,NA,NA,NA
2020-03-15,SZ,13,NA,NA,NA,NA
2020-03-15,TG,NA,NA,NA,NA,NA
2020-03-15,TI,293,6,16,61,0
2020-03-15,UR,NA,NA,NA,NA,NA
2020-03-15,VD,567,6,10,NA,NA
2020-03-15,VS,115,2,1,NA,1
2020-03-15,ZG,13,0,0,0,NA
2020-03-15,ZH,250,1,NA,NA,NA
2020-03-16,AG,52,NA,NA,4,NA
2020-03-16,AI,4,0,NA,NA,NA
2020-03-16,AR,NA,NA,NA,NA,NA
2020-03-16,BE,123,1,NA,NA,NA
2020-03-16,BL,76,2,4,5,4
2020-03-16,BS,143,4,NA,4,NA
2020-03-16,FR,45,0,NA,NA,NA
2020-03-16,GE,544,4,10,NA,9
2020-03-16,GL,10,0,NA,NA,NA
2020-03-16,GR,NA,NA,NA,NA,NA
2020-03-16,JU,25,0,0,NA,NA
2020-03-16,LU,NA,NA,NA,NA,NA
2020-03-16,NE,93,NA,NA,NA,NA
2020-03-16,NW,10,NA,NA,NA,NA
2020-03-16,OW,NA,NA,NA,NA,NA
2020-03-16,SG,NA,NA,NA,NA,NA
2020-03-16,SH,2,0,NA,NA,NA
2020-03-16,SO,NA,NA,NA,NA,NA
2020-03-16,SZ,NA,NA,NA,NA,NA
2020-03-16,TG,17,NA,NA,NA,NA
2020-03-16,TI,368,8,18,61,0
2020-03-16,UR,NA,NA,NA,NA,NA
2020-03-16,VD,797,8,20,NA,NA
2020-03-16,VS,172,3,2,NA,1
2020-03-16,ZG,20,0,0,0,NA
2020-03-16,ZH,326,1,NA,NA,NA
2020-03-17,AG,67,NA,NA,4,NA
2020-03-17,AI,5,0,NA,NA,NA
2020-03-17,AR,NA,NA,NA,NA,NA
2020-03-17,BE,NA,NA,NA,NA,NA
2020-03-17,BL,89,2,5,13,5
2020-03-17,BS,164,4,NA,25,NA
2020-03-17,FR,59,0,NA,NA,NA
2020-03-17,GE,692,5,19,NA,17
2020-03-17,GL,12,0,NA,NA,NA
2020-03-17,GR,101,1,NA,NA,NA
2020-03-17,JU,29,0,0,NA,NA
2020-03-17,LU,NA,NA,NA,NA,NA
2020-03-17,NE,114,1,NA,NA,NA
2020-03-17,NW,12,NA,NA,NA,NA
2020-03-17,OW,NA,NA,NA,NA,NA
2020-03-17,SG,47,NA,NA,NA,NA
2020-03-17,SH,2,0,NA,NA,NA
2020-03-17,SO,NA,NA,NA,NA,NA
2020-03-17,SZ,NA,NA,NA,NA,NA
2020-03-17,TG,23,NA,NA,NA,NA
2020-03-17,TI,426,10,23,62,0
2020-03-17,UR,NA,NA,NA,NA,NA
2020-03-17,VD,1040,10,24,NA,NA
2020-03-17,VS,225,3,2,NA,2
2020-03-17,ZG,29,0,0,1,NA
2020-03-17,ZH,429,1,NA,NA,NA
2020-03-18,AG,101,NA,NA,4,NA
2020-03-18,AI,NA,NA,NA,NA,NA
2020-03-18,AR,11,NA,NA,NA,NA
2020-03-18,BE,193,1,NA,NA,NA
2020-03-18,BL,116,2,2,16,2
2020-03-18,BS,181,4,NA,36,NA
2020-03-18,FR,86,0,5,NA,NA
2020-03-18,GE,848,6,20,NA,17
2020-03-18,GL,14,0,NA,NA,NA
2020-03-18,GR,128,1,NA,NA,NA
2020-03-18,JU,32,0,0,NA,NA
2020-03-18,LU,65,NA,NA,NA,NA
2020-03-18,NE,146,2,NA,NA,NA
2020-03-18,NW,18,NA,NA,NA,NA
2020-03-18,OW,NA,NA,NA,NA,NA
2020-03-18,SG,61,NA,NA,NA,NA
2020-03-18,SH,8,0,NA,NA,NA
2020-03-18,SO,NA,NA,NA,NA,NA
2020-03-18,SZ,NA,NA,NA,NA,NA
2020-03-18,TG,32,NA,NA,NA,NA
2020-03-18,TI,511,12,29,62,28
2020-03-18,UR,5,NA,NA,NA,NA
2020-03-18,VD,1304,13,24,NA,NA
2020-03-18,VS,312,4,2,NA,2
2020-03-18,ZG,33,0,0,5,NA
2020-03-18,ZH,568,2,NA,NA,NA
2020-03-19,AG,118,NA,6,NA,3
2020-03-19,AI,6,0,NA,NA,NA
2020-03-19,AR,NA,NA,NA,NA,NA
2020-03-19,BE,282,1,NA,NA,NA
2020-03-19,BL,134,2,2,16,2
2020-03-19,BS,220,4,NA,44,NA
2020-03-19,FR,111,1,5,NA,NA
2020-03-19,GE,1027,7,19,NA,18
2020-03-19,GL,16,0,NA,NA,NA
2020-03-19,GR,182,2,NA,NA,NA
2020-03-19,JU,36,0,0,NA,NA
2020-03-19,LU,NA,NA,NA,NA,NA
2020-03-19,NE,175,3,NA,NA,NA
2020-03-19,NW,25,NA,NA,NA,NA
2020-03-19,OW,NA,NA,NA,NA,NA
2020-03-19,SG,85,NA,NA,NA,NA
2020-03-19,SH,12,0,NA,NA,NA
2020-03-19,SO,NA,NA,NA,NA,NA
2020-03-19,SZ,NA,NA,NA,NA,NA
2020-03-19,TG,37,NA,NA,NA,NA
2020-03-19,TI,638,13,33,65,32
2020-03-19,UR,7,NA,NA,NA,NA
2020-03-19,VD,1514,14,23,NA,NA
2020-03-19,VS,349,6,5,NA,5
2020-03-19,ZG,37,0,0,5,NA
2020-03-19,ZH,679,3,NA,NA,12
2020-03-20,AG,168,1,4,NA,2
2020-03-20,AI,NA,NA,NA,NA,NA
2020-03-20,AR,NA,NA,NA,NA,NA
2020-03-20,BE,377,2,NA,NA,NA
2020-03-20,BL,184,3,2,18,2
2020-03-20,BS,270,4,NA,46,NA
2020-03-20,FR,145,1,6,NA,NA
2020-03-20,GE,1194,9,22,NA,21
2020-03-20,GL,20,0,NA,NA,NA
2020-03-20,GR,226,3,NA,NA,NA
2020-03-20,JU,44,0,1,NA,NA
2020-03-20,LU,92,NA,NA,NA,NA
2020-03-20,NE,189,3,NA,NA,NA
2020-03-20,NW,28,NA,NA,NA,NA
2020-03-20,OW,NA,NA,NA,NA,NA
2020-03-20,SG,98,NA,NA,NA,NA
2020-03-20,SH,17,0,NA,NA,NA
2020-03-20,SO,66,NA,NA,NA,NA
2020-03-20,SZ,NA,NA,NA,NA,NA
2020-03-20,TG,50,NA,NA,NA,NA
2020-03-20,TI,849,22,35,67,34
2020-03-20,UR,7,NA,NA,NA,NA
2020-03-20,VD,1755,20,23,NA,NA
2020-03-20,VS,436,7,6,NA,5
2020-03-20,ZG,48,0,0,5,NA
2020-03-20,ZH,711,4,NA,NA,15
2020-03-21,AG,NA,NA,NA,NA,NA
2020-03-21,AI,NA,NA,NA,NA,NA
2020-03-21,AR,NA,1,NA,NA,NA
2020-03-21,BE,418,3,NA,NA,NA
2020-03-21,BL,282,3,4,21,4
2020-03-21,BS,297,5,NA,57,NA
2020-03-21,FR,167,2,6,NA,NA
2020-03-21,GE,1331,9,25,NA,24
2020-03-21,GL,25,0,NA,NA,NA
2020-03-21,GR,258,4,NA,NA,NA
2020-03-21,JU,54,0,1,NA,NA
2020-03-21,LU,109,1,NA,NA,NA
2020-03-21,NE,200,4,NA,NA,NA
2020-03-21,NW,33,NA,NA,NA,NA
2020-03-21,OW,NA,NA,NA,NA,NA
2020-03-21,SG,NA,NA,NA,NA,NA
2020-03-21,SH,28,0,NA,NA,NA
2020-03-21,SO,NA,NA,NA,NA,NA
2020-03-21,SZ,NA,NA,NA,NA,NA
2020-03-21,TG,57,NA,NA,NA,NA
2020-03-21,TI,916,28,40,68,37
2020-03-21,UR,12,NA,NA,NA,NA
2020-03-21,VD,1874,23,24,NA,NA
2020-03-21,VS,498,10,8,NA,6
2020-03-21,ZG,53,0,0,5,NA
2020-03-21,ZH,711,5,NA,NA,23
2020-03-22,AG,232,1,NA,NA,NA
2020-03-22,AI,NA,NA,NA,NA,NA
2020-03-22,AR,NA,NA,NA,NA,NA
2020-03-22,BE,NA,NA,NA,NA,NA
2020-03-22,BL,289,3,7,21,7
2020-03-22,BS,356,5,NA,73,NA
2020-03-22,FR,202,3,8,NA,NA
2020-03-22,GE,1430,10,36,NA,36
2020-03-22,GL,29,0,NA,NA,NA
2020-03-22,GR,284,4,NA,NA,NA
2020-03-22,JU,61,0,2,NA,NA
2020-03-22,LU,131,1,NA,NA,NA
2020-03-22,NE,216,4,NA,NA,NA
2020-03-22,NW,36,NA,NA,NA,NA
2020-03-22,OW,NA,NA,NA,NA,NA
2020-03-22,SG,NA,NA,NA,NA,NA
2020-03-22,SH,30,0,NA,NA,NA
2020-03-22,SO,NA,NA,NA,NA,NA
2020-03-22,SZ,NA,NA,NA,NA,NA
2020-03-22,TG,76,NA,NA,NA,NA
2020-03-22,TI,945,37,46,70,43
2020-03-22,UR,NA,NA,NA,NA,NA
2020-03-22,VD,1976,25,30,NA,NA
2020-03-22,VS,535,11,11,NA,7
2020-03-22,ZG,53,0,0,5,NA
2020-03-22,ZH,711,6,NA,NA,22
2020-03-23,AG,241,1,3,NA,2
2020-03-23,AI,NA,NA,NA,NA,NA
2020-03-23,AR,30,1,NA,NA,NA
2020-03-23,BE,470,5,NA,NA,NA
2020-03-23,BL,302,3,10,35,10
2020-03-23,BS,374,5,NA,78,NA
2020-03-23,FR,226,4,7,NA,NA
2020-03-23,GE,1582,16,43,NA,41
2020-03-23,GL,31,0,NA,NA,NA
2020-03-23,GR,300,5,NA,NA,NA
2020-03-23,JU,69,0,3,NA,NA
2020-03-23,LU,156,1,NA,NA,NA
2020-03-23,NE,247,5,11,NA,6
2020-03-23,NW,39,NA,NA,NA,NA
2020-03-23,OW,25,NA,NA,NA,NA
2020-03-23,SG,185,1,NA,NA,NA
2020-03-23,SH,32,0,NA,NA,NA
2020-03-23,SO,95,1,NA,NA,NA
2020-03-23,SZ,NA,NA,NA,NA,NA
2020-03-23,TG,82,NA,NA,NA,NA
2020-03-23,TI,1162,48,45,71,43
2020-03-23,UR,22,NA,NA,1,NA
2020-03-23,VD,2282,29,38,NA,NA
2020-03-23,VS,628,13,12,NA,9
2020-03-23,ZG,53,0,0,5,NA
2020-03-23,ZH,1073,6,NA,NA,27
2020-03-24,AG,266,2,2,NA,2
2020-03-24,AI,8,0,NA,NA,NA
2020-03-24,AR,33,2,NA,NA,NA
2020-03-24,BE,532,6,NA,NA,NA
2020-03-24,BL,306,4,11,40,11
2020-03-24,BS,410,5,NA,105,NA
2020-03-24,FR,255,5,7,NA,NA
2020-03-24,GE,1699,17,41,103,41
2020-03-24,GL,33,0,NA,NA,NA
2020-03-24,GR,343,6,NA,NA,NA
2020-03-24,JU,82,0,4,NA,NA
2020-03-24,LU,205,2,NA,NA,NA
2020-03-24,NE,265,6,8,NA,6
2020-03-24,NW,42,NA,NA,NA,NA
2020-03-24,OW,25,NA,NA,NA,NA
2020-03-24,SG,200,1,NA,NA,NA
2020-03-24,SH,34,0,NA,NA,NA
2020-03-24,SO,104,1,NA,NA,NA
2020-03-24,SZ,97,0,NA,10,NA
2020-03-24,TG,88,1,NA,NA,NA
2020-03-24,TI,1209,53,50,80,48
2020-03-24,UR,25,NA,NA,1,NA
2020-03-24,VD,2547,33,39,NA,NA
2020-03-24,VS,728,14,13,NA,12
2020-03-24,ZG,72,0,0,12,NA
2020-03-24,ZH,1221,8,NA,NA,26
2020-03-25,AG,319,2,5,NA,5
2020-03-25,AI,9,0,NA,NA,NA
2020-03-25,AR,34,2,NA,NA,NA
2020-03-25,BE,624,6,NA,NA,NA
2020-03-25,BL,341,5,8,46,8
2020-03-25,BS,462,8,NA,128,NA
2020-03-25,FR,293,6,7,NA,NA
2020-03-25,GE,1837,24,50,122,48
2020-03-25,GL,40,0,NA,NA,NA
2020-03-25,GR,393,8,NA,NA,NA
2020-03-25,JU,92,0,4,NA,NA
2020-03-25,LU,228,2,NA,NA,NA
2020-03-25,NE,280,9,10,NA,7
2020-03-25,NW,44,NA,NA,NA,NA
2020-03-25,OW,27,NA,NA,NA,NA
2020-03-25,SG,228,1,NA,NA,NA
2020-03-25,SH,35,0,1,NA,NA
2020-03-25,SO,129,1,NA,NA,NA
2020-03-25,SZ,NA,0,NA,10,NA
2020-03-25,TG,97,1,NA,NA,NA
2020-03-25,TI,1354,60,57,85,55
2020-03-25,UR,NA,NA,NA,NA,NA
2020-03-25,VD,2739,41,49,NA,NA
2020-03-25,VS,793,15,15,NA,14
2020-03-25,ZG,80,0,1,18,NA
2020-03-25,ZH,1368,10,NA,NA,28
2020-03-26,AG,349,2,10,NA,9
2020-03-26,AI,11,0,NA,NA,NA
2020-03-26,AR,42,2,NA,NA,NA
2020-03-26,BE,660,7,NA,NA,NA
2020-03-26,BL,422,5,9,65,9
2020-03-26,BS,501,12,8,155,NA
2020-03-26,FR,309,11,5,NA,NA
2020-03-26,GE,2033,26,52,144,48
2020-03-26,GL,43,0,NA,NA,NA
2020-03-26,GR,433,8,NA,NA,NA
2020-03-26,JU,100,0,4,NA,NA
2020-03-26,LU,253,3,NA,NA,NA
2020-03-26,NE,299,12,9,NA,7
2020-03-26,NW,48,NA,NA,NA,NA
2020-03-26,OW,30,NA,NA,NA,NA
2020-03-26,SG,280,1,NA,NA,NA
2020-03-26,SH,36,0,1,NA,NA
2020-03-26,SO,141,1,NA,NA,NA
2020-03-26,SZ,107,0,NA,20,NA
2020-03-26,TG,111,1,NA,NA,NA
2020-03-26,TI,1401,67,60,91,56
2020-03-26,UR,38,NA,NA,2,NA
2020-03-26,VD,2944,58,54,NA,NA
2020-03-26,VS,874,17,19,NA,17
2020-03-26,ZG,87,0,1,18,NA
2020-03-26,ZH,1500,13,NA,NA,35
2020-03-27,AG,364,3,12,NA,10
2020-03-27,AI,12,0,NA,NA,NA
2020-03-27,AR,44,2,NA,NA,NA
2020-03-27,BE,718,8,NA,NA,NA
2020-03-27,BL,466,5,11,76,11
2020-03-27,BS,530,13,8,191,NA
2020-03-27,FR,369,14,8,NA,NA
2020-03-27,GE,2190,33,54,153,54
2020-03-27,GL,47,0,NA,NA,NA
2020-03-27,GR,474,9,NA,NA,NA
2020-03-27,JU,114,0,6,NA,NA
2020-03-27,LU,287,3,NA,NA,NA
2020-03-27,NE,316,13,9,NA,7
2020-03-27,NW,54,NA,NA,NA,NA
2020-03-27,OW,37,NA,NA,NA,NA
2020-03-27,SG,306,2,NA,NA,NA
2020-03-27,SH,37,0,1,NA,NA
2020-03-27,SO,157,1,NA,NA,NA
2020-03-27,SZ,119,1,NA,32,NA
2020-03-27,TG,118,2,NA,NA,NA
2020-03-27,TI,1688,76,61,107,51
2020-03-27,UR,40,NA,NA,3,NA
2020-03-27,VD,3178,62,58,NA,NA
2020-03-27,VS,968,21,20,NA,16
2020-03-27,ZG,94,0,5,18,NA
2020-03-27,ZH,1627,15,NA,NA,38
2020-03-28,AG,NA,NA,NA,NA,NA
2020-03-28,AI,13,0,NA,NA,NA
2020-03-28,AR,45,2,NA,NA,NA
2020-03-28,BE,767,9,NA,NA,NA
2020-03-28,BL,502,5,14,100,13
2020-03-28,BS,569,13,11,211,NA
2020-03-28,FR,421,15,12,NA,NA
2020-03-28,GE,2393,41,59,175,54
2020-03-28,GL,47,1,NA,NA,NA
2020-03-28,GR,495,12,NA,NA,NA
2020-03-28,JU,119,0,5,NA,NA
2020-03-28,LU,317,4,NA,NA,NA
2020-03-28,NE,337,15,11,NA,8
2020-03-28,NW,55,NA,NA,NA,NA
2020-03-28,OW,NA,NA,NA,NA,NA
2020-03-28,SG,339,5,NA,NA,NA
2020-03-28,SH,40,0,1,NA,NA
2020-03-28,SO,173,1,NA,NA,NA
2020-03-28,SZ,122,1,NA,33,NA
2020-03-28,TG,135,2,NA,NA,NA
2020-03-28,TI,1727,87,69,136,60
2020-03-28,UR,48,NA,NA,3,NA
2020-03-28,VD,3309,73,59,NA,NA
2020-03-28,VS,1017,25,21,NA,19
2020-03-28,ZG,101,1,5,21,NA
2020-03-28,ZH,1701,19,NA,NA,42
2020-03-29,AG,NA,NA,NA,NA,NA
2020-03-29,AI,NA,NA,NA,NA,NA
2020-03-29,AR,48,2,NA,NA,NA
2020-03-29,BE,798,10,NA,NA,NA
2020-03-29,BL,511,6,15,115,14
2020-03-29,BS,605,15,12,228,NA
2020-03-29,FR,442,15,13,NA,NA
2020-03-29,GE,2505,49,59,193,55
2020-03-29,GL,50,1,NA,NA,NA
2020-03-29,GR,519,15,NA,NA,NA
2020-03-29,JU,127,0,5,NA,NA
2020-03-29,LU,339,5,NA,NA,NA
2020-03-29,NE,346,18,16,NA,6
2020-03-29,NW,59,NA,NA,NA,NA
2020-03-29,OW,NA,NA,NA,NA,NA
2020-03-29,SG,365,5,NA,NA,NA
2020-03-29,SH,41,0,1,NA,NA
2020-03-29,SO,190,2,NA,NA,NA
2020-03-29,SZ,128,2,NA,33,NA
2020-03-29,TG,139,2,NA,NA,NA
2020-03-29,TI,1837,93,69,155,59
2020-03-29,UR,50,NA,NA,3,NA
2020-03-29,VD,3394,83,60,NA,NA
2020-03-29,VS,1055,31,22,NA,21
2020-03-29,ZG,101,1,5,21,NA
2020-03-29,ZH,1733,22,NA,NA,46
2020-03-30,AG,481,8,25,NA,23
2020-03-30,AI,14,0,NA,NA,NA
2020-03-30,AR,50,2,NA,NA,NA
2020-03-30,BE,826,13,21,NA,17
2020-03-30,BL,539,7,17,158,16
2020-03-30,BS,617,15,12,263,NA
2020-03-30,FR,477,17,16,NA,NA
2020-03-30,GE,2721,59,57,216,54
2020-03-30,GL,51,2,NA,NA,NA
2020-03-30,GR,535,19,NA,NA,NA
2020-03-30,JU,128,0,5,NA,NA
2020-03-30,LU,351,6,NA,NA,NA
2020-03-30,NE,378,20,12,NA,6
2020-03-30,NW,63,NA,NA,NA,NA
2020-03-30,OW,46,NA,NA,NA,NA
2020-03-30,SG,389,7,NA,NA,NA
2020-03-30,SH,42,0,3,NA,NA
2020-03-30,SO,NA,NA,NA,NA,NA
2020-03-30,SZ,135,2,NA,33,NA
2020-03-30,TG,149,2,NA,NA,NA
2020-03-30,TI,1962,105,75,165,61
2020-03-30,UR,53,NA,NA,9,NA
2020-03-30,VD,3606,95,62,NA,NA
2020-03-30,VS,1144,35,25,NA,23
2020-03-30,ZG,112,1,5,29,NA
2020-03-30,ZH,1859,24,NA,NA,46
2020-03-31,AG,499,11,25,NA,25
2020-03-31,AI,14,0,NA,NA,NA
2020-03-31,AR,58,2,NA,NA,NA
2020-03-31,BE,856,16,23,NA,18
2020-03-31,BL,561,10,18,242,16
2020-03-31,BS,653,16,15,292,NA
2020-03-31,FR,491,20,20,NA,NA
2020-03-31,GE,2958,68,64,241,49
2020-03-31,GL,53,2,NA,NA,NA
2020-03-31,GR,547,23,NA,NA,NA
2020-03-31,JU,140,0,5,NA,NA
2020-03-31,LU,375,7,NA,NA,NA
2020-03-31,NE,402,22,14,NA,8
2020-03-31,NW,70,NA,1,NA,NA
2020-03-31,OW,46,NA,NA,NA,NA
2020-03-31,SG,394,7,NA,NA,NA
2020-03-31,SH,44,1,3,NA,NA
2020-03-31,SO,196,2,NA,NA,NA
2020-03-31,SZ,140,4,NA,48,NA
2020-03-31,TG,155,3,NA,NA,NA
2020-03-31,TI,2091,120,74,202,67
2020-03-31,UR,57,NA,NA,11,NA
2020-03-31,VD,3765,107,65,NA,NA
2020-03-31,VS,1211,37,24,NA,23
2020-03-31,ZG,114,1,6,39,NA
2020-03-31,ZH,1947,27,NA,NA,50
2020-04-01,AG,549,11,27,NA,27
2020-04-01,AI,NA,NA,NA,NA,NA
2020-04-01,AR,61,3,NA,NA,NA
2020-04-01,BE,909,20,26,NA,21
2020-04-01,BL,588,11,17,249,17
2020-04-01,BS,687,18,16,323,NA
2020-04-01,FR,525,23,23,NA,NA
2020-04-01,GE,3137,77,64,260,58
2020-04-01,GL,56,2,NA,NA,NA
2020-04-01,GR,592,26,NA,NA,NA
2020-04-01,JU,145,0,5,NA,NA
2020-04-01,LU,401,7,12,NA,NA
2020-04-01,NE,420,24,14,NA,8
2020-04-01,NW,70,NA,2,NA,NA
2020-04-01,OW,48,NA,NA,NA,NA
2020-04-01,SG,414,7,NA,NA,NA
2020-04-01,SH,44,1,3,NA,NA
2020-04-01,SO,216,3,NA,NA,NA
2020-04-01,SZ,146,4,NA,65,NA
2020-04-01,TG,167,4,NA,NA,NA
2020-04-01,TI,2195,132,76,229,72
2020-04-01,UR,59,1,NA,13,NA
2020-04-01,VD,3917,118,68,NA,NA
2020-04-01,VS,1282,40,26,NA,25
2020-04-01,ZG,125,1,5,40,NA
2020-04-01,ZH,2136,36,NA,NA,54
2020-04-02,AG,592,12,27,NA,27
2020-04-02,AI,20,0,NA,NA,NA
2020-04-02,AR,64,3,NA,NA,NA
2020-04-02,BE,1003,23,24,NA,20
2020-04-02,BL,610,12,18,262,18
2020-04-02,BS,714,19,17,350,NA
2020-04-02,FR,550,26,23,46,NA
2020-04-02,GE,3420,85,62,283,54
2020-04-02,GL,58,2,NA,NA,NA
2020-04-02,GR,622,28,NA,NA,NA
2020-04-02,JU,149,0,3,NA,NA
2020-04-02,LU,422,7,11,NA,NA
2020-04-02,NE,430,27,12,NA,10
2020-04-02,NW,76,NA,2,NA,NA
2020-04-02,OW,51,NA,NA,NA,NA
2020-04-02,SG,455,8,11,49,NA
2020-04-02,SH,47,1,3,NA,NA
2020-04-02,SO,227,3,NA,NA,NA
2020-04-02,SZ,155,4,NA,65,NA
2020-04-02,TG,180,4,NA,NA,NA
2020-04-02,TI,2271,141,75,263,73
2020-04-02,UR,60,1,NA,13,NA
2020-04-02,VD,4051,137,69,NA,NA
2020-04-02,VS,1334,47,28,NA,24
2020-04-02,ZG,131,1,5,41,NA
2020-04-02,ZH,2300,39,NA,NA,53
2020-04-03,AG,626,12,27,NA,26
2020-04-03,AI,20,0,NA,NA,NA
2020-04-03,AR,65,3,NA,NA,NA
2020-04-03,BE,1073,26,30,NA,26
2020-04-03,BL,625,14,18,266,18
2020-04-03,BS,754,21,17,397,NA
2020-04-03,FR,588,31,21,46,NA
2020-04-03,GE,3621,92,65,284,58
2020-04-03,GL,59,2,NA,NA,NA
2020-04-03,GR,649,30,NA,NA,NA
2020-04-03,JU,149,0,3,NA,NA
2020-04-03,LU,449,7,12,NA,NA
2020-04-03,NE,444,28,11,NA,9
2020-04-03,NW,79,NA,2,NA,NA
2020-04-03,OW,56,NA,NA,NA,NA
2020-04-03,SG,480,8,12,50,NA
2020-04-03,SH,47,1,3,NA,NA
2020-04-03,SO,237,3,NA,NA,NA
2020-04-03,SZ,165,4,NA,75,NA
2020-04-03,TG,199,5,NA,NA,NA
2020-04-03,TI,2377,155,75,287,67
2020-04-03,UR,62,1,NA,26,NA
2020-04-03,VD,4187,155,67,NA,NA
2020-04-03,VS,1383,51,26,NA,23
2020-04-03,ZG,138,1,7,44,NA
2020-04-03,ZH,2428,41,NA,NA,57
2020-04-04,AG,NA,NA,NA,NA,NA
2020-04-04,AI,21,0,NA,NA,NA
2020-04-04,AR,66,3,NA,NA,NA
2020-04-04,BE,1106,28,35,NA,28
2020-04-04,BL,656,19,19,298,17
2020-04-04,BS,767,24,16,434,NA
2020-04-04,FR,638,37,21,49,NA
2020-04-04,GE,3753,106,61,305,51
2020-04-04,GL,61,2,NA,NA,NA
2020-04-04,GR,657,30,NA,NA,NA
2020-04-04,JU,154,0,3,NA,NA
2020-04-04,LU,469,7,12,NA,NA
2020-04-04,NE,452,30,10,NA,9
2020-04-04,NW,80,NA,2,NA,NA
2020-04-04,OW,NA,NA,NA,NA,NA
2020-04-04,SG,504,9,13,62,NA
2020-04-04,SH,47,1,3,NA,NA
2020-04-04,SO,250,3,NA,NA,NA
2020-04-04,SZ,168,5,NA,92,NA
2020-04-04,TG,209,5,NA,NA,NA
2020-04-04,TI,2442,165,72,314,67
2020-04-04,UR,66,1,NA,26,NA
2020-04-04,VD,4259,166,67,NA,NA
2020-04-04,VS,1416,53,28,NA,23
2020-04-04,ZG,146,2,7,46,NA
2020-04-04,ZH,2461,48,NA,NA,59
2020-04-05,AG,NA,NA,NA,NA,NA
2020-04-05,AI,NA,NA,NA,NA,NA
2020-04-05,AR,67,3,NA,NA,NA
2020-04-05,BE,1137,28,30,NA,25
2020-04-05,BL,670,19,19,369,17
2020-04-05,BS,789,26,15,460,NA
2020-04-05,FR,669,40,20,55,NA
2020-04-05,GE,3838,113,56,327,50
2020-04-05,GL,63,2,NA,NA,NA
2020-04-05,GR,668,33,NA,NA,NA
2020-04-05,JU,160,0,4,NA,NA
2020-04-05,LU,478,9,12,NA,NA
2020-04-05,NE,463,31,12,NA,8
2020-04-05,NW,80,NA,2,NA,NA
2020-04-05,OW,NA,NA,NA,NA,NA
2020-04-05,SG,515,9,13,70,NA
2020-04-05,SH,49,1,3,NA,NA
2020-04-05,SO,258,3,NA,NA,NA
2020-04-05,SZ,170,5,NA,93,NA
2020-04-05,TG,214,7,NA,NA,NA
2020-04-05,TI,2508,177,74,340,61
2020-04-05,UR,67,2,NA,26,NA
2020-04-05,VD,4298,178,66,NA,NA
2020-04-05,VS,1431,57,26,NA,23
2020-04-05,ZG,146,2,7,46,NA
2020-04-05,ZH,2491,52,NA,NA,59
2020-04-06,AG,727,13,25,NA,24
2020-04-06,AI,21,0,NA,NA,NA
2020-04-06,AR,69,3,NA,NA,NA
2020-04-06,BE,1173,31,35,NA,30
2020-04-06,BL,682,19,17,412,17
2020-04-06,BS,798,26,13,481,NA
2020-04-06,FR,689,41,19,56,NA
2020-04-06,GE,3955,125,56,345,50
2020-04-06,GL,63,2,NA,NA,NA
2020-04-06,GR,679,34,NA,NA,NA
2020-04-06,JU,164,0,4,NA,NA
2020-04-06,LU,497,9,6,NA,NA
2020-04-06,NE,485,36,10,NA,8
2020-04-06,NW,86,NA,2,NA,NA
2020-04-06,OW,60,0,NA,1,NA
2020-04-06,SG,532,11,12,75,NA
2020-04-06,SH,50,1,3,NA,NA
2020-04-06,SO,261,3,NA,NA,NA
2020-04-06,SZ,178,6,NA,93,NA
2020-04-06,TG,220,7,14,NA,NA
2020-04-06,TI,2546,189,72,350,62
2020-04-06,UR,67,2,NA,34,NA
2020-04-06,VD,4416,194,64,NA,NA
2020-04-06,VS,1497,60,26,NA,22
2020-04-06,ZG,152,3,8,52,NA
2020-04-06,ZH,2605,54,NA,NA,58
2020-04-07,AG,760,16,25,170,25
2020-04-07,AI,21,0,NA,NA,NA
2020-04-07,AR,69,3,NA,NA,NA
2020-04-07,BE,1228,33,34,NA,26
2020-04-07,BL,690,19,18,452,17
2020-04-07,BS,808,28,13,508,NA
2020-04-07,FR,729,44,22,73,NA
2020-04-07,GE,4117,136,51,374,48
2020-04-07,GL,63,2,NA,NA,NA
2020-04-07,GR,684,35,NA,NA,NA
2020-04-07,JU,171,0,4,NA,NA
2020-04-07,LU,509,9,6,NA,NA
2020-04-07,NE,509,40,10,NA,5
2020-04-07,NW,87,NA,2,NA,NA
2020-04-07,OW,60,0,NA,NA,NA
2020-04-07,SG,557,13,9,79,NA
2020-04-07,SH,50,1,3,NA,NA
2020-04-07,SO,264,3,NA,NA,NA
2020-04-07,SZ,185,7,NA,105,NA
2020-04-07,TG,222,8,13,NA,NA
2020-04-07,TI,2599,198,72,388,65
2020-04-07,UR,68,2,NA,42,NA
2020-04-07,VD,4497,206,63,NA,NA
2020-04-07,VS,1536,68,25,NA,20
2020-04-07,ZG,157,3,8,54,NA
2020-04-07,ZH,2688,56,NA,NA,60
2020-04-08,AG,788,16,23,220,23
2020-04-08,AI,23,0,NA,NA,NA
2020-04-08,AR,72,3,NA,NA,NA
2020-04-08,BE,1286,37,35,NA,27
2020-04-08,BL,694,21,18,461,17
2020-04-08,BS,829,31,14,535,NA
2020-04-08,FR,756,45,22,78,NA
2020-04-08,GE,4248,150,49,442,47
2020-04-08,GL,64,2,NA,NA,NA
2020-04-08,GR,698,35,NA,NA,NA
2020-04-08,JU,174,1,4,NA,NA
2020-04-08,LU,527,9,NA,NA,NA
2020-04-08,NE,513,42,10,NA,7
2020-04-08,NW,93,NA,1,NA,NA
2020-04-08,OW,61,0,NA,NA,NA
2020-04-08,SG,578,15,12,89,NA
2020-04-08,SH,50,1,2,NA,NA
2020-04-08,SO,276,3,NA,NA,NA
2020-04-08,SZ,196,7,NA,107,NA
2020-04-08,TG,237,8,15,NA,NA
2020-04-08,TI,2659,211,71,420,64
2020-04-08,UR,72,4,NA,42,NA
2020-04-08,VD,4588,218,62,NA,NA
2020-04-08,VS,1570,71,26,NA,20
2020-04-08,ZG,162,3,9,61,NA
2020-04-08,ZH,2783,64,NA,NA,56
2020-04-09,AG,822,17,22,250,21
2020-04-09,AI,24,0,NA,NA,NA
2020-04-09,AR,74,3,NA,NA,NA
2020-04-09,BE,1335,38,36,NA,27
2020-04-09,BL,711,21,18,485,16
2020-04-09,BS,841,33,13,572,NA
2020-04-09,FR,786,46,20,84,NA
2020-04-09,GE,4337,159,47,NA,45
2020-04-09,GL,67,2,NA,NA,NA
2020-04-09,GR,719,36,NA,NA,NA
2020-04-09,JU,179,1,5,NA,NA
2020-04-09,LU,542,9,6,NA,NA
2020-04-09,NE,545,44,10,NA,7
2020-04-09,NW,96,NA,1,NA,NA
2020-04-09,OW,62,0,NA,NA,NA
2020-04-09,SG,604,16,13,92,NA
2020-04-09,SH,52,1,2,NA,NA
2020-04-09,SO,282,5,NA,NA,NA
2020-04-09,SZ,213,9,NA,113,NA
2020-04-09,TG,256,8,12,NA,NA
2020-04-09,TI,2714,219,72,447,68
2020-04-09,UR,72,4,NA,45,NA
2020-04-09,VD,4685,232,63,NA,NA
2020-04-09,VS,1598,77,24,NA,19
2020-04-09,ZG,165,3,9,69,NA
2020-04-09,ZH,2880,66,NA,NA,55
2020-04-10,AG,850,18,NA,NA,NA
2020-04-10,AI,NA,NA,NA,NA,NA
2020-04-10,AR,77,3,NA,NA,NA
2020-04-10,BE,1375,42,33,NA,25
2020-04-10,BL,722,22,17,502,15
2020-04-10,BS,854,33,13,593,NA
2020-04-10,FR,796,49,19,88,NA
2020-04-10,GE,4382,170,47,448,47
2020-04-10,GL,76,2,NA,NA,NA
2020-04-10,GR,730,36,NA,NA,NA
2020-04-10,JU,182,3,5,NA,NA
2020-04-10,LU,560,9,6,NA,NA
2020-04-10,NE,564,44,11,NA,8
2020-04-10,NW,100,NA,1,NA,NA
2020-04-10,OW,NA,NA,NA,NA,NA
2020-04-10,SG,632,17,11,93,NA
2020-04-10,SH,53,1,2,NA,NA
2020-04-10,SO,294,5,NA,NA,NA
2020-04-10,SZ,215,10,NA,118,NA
2020-04-10,TG,265,8,13,NA,NA
2020-04-10,TI,2776,227,68,466,62
2020-04-10,UR,74,4,NA,49,NA
2020-04-10,VD,4733,240,66,NA,NA
2020-04-10,VS,1627,83,24,NA,18
2020-04-10,ZG,168,3,9,76,NA
2020-04-10,ZH,2920,71,NA,NA,50
2020-04-11,AG,878,18,23,300,21
2020-04-11,AI,24,0,NA,NA,NA
2020-04-11,AR,77,3,NA,NA,NA
2020-04-11,BE,1419,44,33,NA,24
2020-04-11,BL,736,22,16,527,15
2020-04-11,BS,861,33,NA,612,NA
2020-04-11,FR,834,53,20,93,NA
2020-04-11,GE,4431,178,48,463,44
2020-04-11,GL,91,2,NA,NA,NA
2020-04-11,GR,743,36,NA,NA,NA
2020-04-11,JU,183,3,5,NA,NA
2020-04-11,LU,568,10,NA,NA,NA
2020-04-11,NE,573,47,11,NA,9
2020-04-11,NW,103,1,2,NA,NA
2020-04-11,OW,NA,NA,NA,NA,NA
2020-04-11,SG,641,18,11,102,NA
2020-04-11,SH,55,1,2,NA,NA
2020-04-11,SO,306,6,NA,NA,NA
2020-04-11,SZ,249,10,NA,118,NA
2020-04-11,TG,275,8,14,NA,NA
2020-04-11,TI,2818,229,68,493,59
2020-04-11,UR,75,4,NA,50,NA
2020-04-11,VD,4773,246,66,NA,NA
2020-04-11,VS,1653,85,20,NA,15
2020-04-11,ZG,168,4,9,79,NA
2020-04-11,ZH,2978,77,NA,NA,50
2020-04-12,AG,899,18,NA,NA,NA
2020-04-12,AI,NA,NA,NA,NA,NA
2020-04-12,AR,NA,NA,NA,NA,NA
2020-04-12,BE,1441,49,33,NA,22
2020-04-12,BL,740,23,17,554,14
2020-04-12,BS,877,33,12,629,NA
2020-04-12,FR,846,54,19,97,NA
2020-04-12,GE,4453,185,47,479,43
2020-04-12,GL,91,2,NA,NA,NA
2020-04-12,GR,747,36,NA,NA,NA
2020-04-12,JU,183,3,5,NA,NA
2020-04-12,LU,576,10,5,NA,NA
2020-04-12,NE,583,52,10,NA,10
2020-04-12,NW,104,1,2,NA,NA
2020-04-12,OW,NA,NA,NA,NA,NA
2020-04-12,SG,649,21,9,109,NA
2020-04-12,SH,57,1,2,NA,NA
2020-04-12,SO,315,7,NA,NA,NA
2020-04-12,SZ,251,11,NA,119,NA
2020-04-12,TG,286,8,14,NA,NA
2020-04-12,TI,2869,244,63,511,56
2020-04-12,UR,77,4,NA,52,NA
2020-04-12,VD,4810,254,65,NA,NA
2020-04-12,VS,1666,91,22,NA,14
2020-04-12,ZG,168,5,9,80,NA
2020-04-12,ZH,2995,79,NA,NA,49
2020-04-13,AG,906,19,NA,NA,NA
2020-04-13,AI,24,0,NA,NA,NA
2020-04-13,AR,78,3,NA,NA,NA
2020-04-13,BE,1456,49,32,NA,21
2020-04-13,BL,749,24,16,570,12
2020-04-13,BS,888,34,NA,653,NA
2020-04-13,FR,859,55,17,97,NA
2020-04-13,GE,4496,188,47,490,42
2020-04-13,GL,92,2,NA,NA,NA
2020-04-13,GR,750,37,NA,NA,NA
2020-04-13,JU,184,3,5,NA,NA
2020-04-13,LU,580,10,5,NA,NA
2020-04-13,NE,588,55,10,NA,10
2020-04-13,NW,104,1,2,NA,NA
2020-04-13,OW,NA,NA,NA,NA,NA
2020-04-13,SG,657,21,10,119,NA
2020-04-13,SH,57,1,2,NA,NA
2020-04-13,SO,321,7,NA,NA,NA
2020-04-13,SZ,251,12,NA,128,NA
2020-04-13,TG,293,8,17,NA,NA
2020-04-13,TI,2900,251,63,517,55
2020-04-13,UR,78,4,NA,52,NA
2020-04-13,VD,4854,261,61,NA,NA
2020-04-13,VS,1680,93,21,NA,12
2020-04-13,ZG,170,5,9,84,NA
2020-04-13,ZH,3012,83,NA,NA,50
2020-04-14,AG,912,19,22,400,22
2020-04-14,AI,24,0,NA,NA,NA
2020-04-14,AR,79,3,NA,NA,NA
2020-04-14,BE,1470,49,31,NA,21
2020-04-14,BL,755,25,14,597,8
2020-04-14,BS,894,34,9,663,NA
2020-04-14,FR,879,57,14,98,NA
2020-04-14,GE,4552,193,46,490,41
2020-04-14,GL,105,2,NA,NA,NA
2020-04-14,GR,753,37,NA,NA,NA
2020-04-14,JU,185,3,5,NA,NA
2020-04-14,LU,589,11,4,NA,NA
2020-04-14,NE,599,58,11,NA,10
2020-04-14,NW,105,1,2,NA,NA
2020-04-14,OW,64,0,NA,NA,NA
2020-04-14,SG,664,21,9,120,NA
2020-04-14,SH,57,1,2,NA,NA
2020-04-14,SO,325,8,NA,NA,NA
2020-04-14,SZ,258,13,NA,128,NA
2020-04-14,TG,297,10,16,NA,NA
2020-04-14,TI,2912,258,63,524,54
2020-04-14,UR,78,4,NA,56,NA
2020-04-14,VD,4921,271,59,NA,NA
2020-04-14,VS,1707,94,20,NA,11
2020-04-14,ZG,171,5,9,88,NA
2020-04-14,ZH,3059,87,NA,NA,52
2020-04-15,AG,929,22,20,450,20
2020-04-15,AI,24,0,NA,NA,NA
2020-04-15,AR,79,3,NA,NA,NA
2020-04-15,BE,1489,53,30,NA,18
2020-04-15,BL,768,25,9,610,7
2020-04-15,BS,904,36,7,682,NA
2020-04-15,FR,890,63,16,105,NA
2020-04-15,GE,4613,199,41,502,37
2020-04-15,GL,105,2,NA,NA,NA
2020-04-15,GR,759,38,NA,NA,NA
2020-04-15,JU,188,3,5,NA,NA
2020-04-15,LU,596,12,4,NA,NA
2020-04-15,NE,612,59,12,NA,10
2020-04-15,NW,106,2,2,NA,NA
2020-04-15,OW,64,0,NA,NA,NA
2020-04-15,SG,676,23,9,123,NA
2020-04-15,SH,59,1,2,NA,NA
2020-04-15,SO,329,8,NA,NA,NA
2020-04-15,SZ,261,13,NA,144,NA
2020-04-15,TG,303,11,14,NA,NA
2020-04-15,TI,2927,263,60,548,50
2020-04-15,UR,78,4,NA,62,NA
2020-04-15,VD,4971,288,55,NA,NA
2020-04-15,VS,1723,94,20,NA,12
2020-04-15,ZG,171,5,9,92,NA
2020-04-15,ZH,3106,91,NA,NA,50
2020-04-16,AG,943,23,20,500,20
2020-04-16,AI,24,0,NA,NA,NA
2020-04-16,AR,79,3,NA,NA,NA
2020-04-16,BE,1515,55,26,NA,12
2020-04-16,BL,781,25,8,623,6
2020-04-16,BS,912,37,6,711,NA
2020-04-16,FR,907,65,15,105,NA
2020-04-16,GE,4681,207,38,520,33
2020-04-16,GL,106,3,NA,NA,NA
2020-04-16,GR,764,39,NA,NA,NA
2020-04-16,JU,189,3,5,NA,NA
2020-04-16,LU,599,13,3,NA,NA
2020-04-16,NE,621,61,11,NA,9
2020-04-16,NW,106,2,2,NA,NA
2020-04-16,OW,65,0,NA,NA,NA
2020-04-16,SG,680,25,7,138,NA
2020-04-16,SH,60,1,2,NA,NA
2020-04-16,SO,343,8,NA,NA,NA
2020-04-16,SZ,265,14,NA,154,NA
2020-04-16,TG,309,11,14,NA,NA
2020-04-16,TI,2953,269,59,568,49
2020-04-16,UR,78,5,NA,62,NA
2020-04-16,VD,5000,301,54,NA,NA
2020-04-16,VS,1740,95,17,NA,12
2020-04-16,ZG,171,6,7,94,NA
2020-04-16,ZH,3141,95,NA,NA,51
2020-04-17,AG,960,24,20,540,20
2020-04-17,AI,24,0,NA,NA,NA
2020-04-17,AR,82,3,NA,NA,NA
2020-04-17,BE,1553,67,25,NA,13
2020-04-17,BL,794,25,8,632,5
2020-04-17,BS,918,37,7,720,NA
2020-04-17,FR,930,67,13,106,NA
2020-04-17,GE,4725,213,39,532,33
2020-04-17,GL,108,3,NA,NA,NA
2020-04-17,GR,770,40,NA,NA,NA
2020-04-17,JU,191,3,5,NA,NA
2020-04-17,LU,607,14,3,NA,NA
2020-04-17,NE,630,64,10,NA,8
2020-04-17,NW,107,3,2,NA,NA
2020-04-17,OW,66,0,NA,NA,NA
2020-04-17,SG,693,27,9,144,NA
2020-04-17,SH,60,1,2,NA,NA
2020-04-17,SO,350,9,NA,NA,NA
2020-04-17,SZ,266,14,NA,161,NA
2020-04-17,TG,322,12,13,NA,NA
2020-04-17,TI,2977,270,57,580,44
2020-04-17,UR,78,5,NA,66,NA
2020-04-17,VD,5032,309,53,NA,NA
2020-04-17,VS,1760,99,16,NA,10
2020-04-17,ZG,172,6,6,96,NA
2020-04-17,ZH,3164,100,NA,NA,45
2020-04-18,AG,987,25,NA,NA,NA
2020-04-18,AI,NA,NA,NA,NA,NA
2020-04-18,AR,NA,NA,NA,NA,NA
2020-04-18,BE,1586,69,22,NA,12
2020-04-18,BL,798,25,7,636,5
2020-04-18,BS,924,40,NA,753,NA
2020-04-18,FR,956,69,11,109,NA
2020-04-18,GE,4770,217,34,553,33
2020-04-18,GL,111,3,NA,NA,NA
2020-04-18,GR,773,40,NA,NA,NA
2020-04-18,JU,192,3,5,NA,NA
2020-04-18,LU,623,15,4,NA,NA
2020-04-18,NE,633,64,10,NA,8
2020-04-18,NW,108,3,2,NA,NA
2020-04-18,OW,NA,NA,NA,NA,NA
2020-04-18,SG,699,27,7,150,NA
2020-04-18,SH,61,1,4,NA,NA
2020-04-18,SO,353,10,NA,NA,NA
2020-04-18,SZ,266,14,NA,176,NA
2020-04-18,TG,333,13,12,NA,NA
2020-04-18,TI,2994,277,56,606,42
2020-04-18,UR,78,5,NA,69,NA
2020-04-18,VD,5050,317,50,NA,NA
2020-04-18,VS,1769,104,18,NA,10
2020-04-18,ZG,174,7,6,99,NA
2020-04-18,ZH,3203,105,NA,NA,44
2020-04-19,AG,1003,25,NA,NA,NA
2020-04-19,AI,24,0,NA,NA,NA
2020-04-19,AR,NA,NA,NA,NA,NA
2020-04-19,BE,1599,69,20,NA,13
2020-04-19,BL,803,25,7,653,5
2020-04-19,BS,927,40,NA,764,NA
2020-04-19,FR,980,71,12,113,NA
2020-04-19,GE,4780,220,35,558,33
2020-04-19,GL,111,3,NA,NA,NA
2020-04-19,GR,778,41,NA,NA,NA
2020-04-19,JU,192,5,5,NA,NA
2020-04-19,LU,626,15,4,NA,NA
2020-04-19,NE,634,66,9,NA,4
2020-04-19,NW,108,3,2,NA,NA
2020-04-19,OW,NA,NA,NA,NA,NA
2020-04-19,SG,705,27,7,150,NA
2020-04-19,SH,62,1,2,NA,NA
2020-04-19,SO,355,11,NA,NA,NA
2020-04-19,SZ,268,15,NA,180,NA
2020-04-19,TG,334,13,12,NA,NA
2020-04-19,TI,3032,281,54,616,42
2020-04-19,UR,78,5,NA,69,NA
2020-04-19,VD,5061,323,49,NA,NA
2020-04-19,VS,1776,107,16,NA,9
2020-04-19,ZG,175,7,6,99,NA
2020-04-19,ZH,3230,105,NA,NA,43
2020-04-20,AG,1012,28,16,640,16
2020-04-20,AI,24,0,NA,NA,NA
2020-04-20,AR,86,3,NA,NA,NA
2020-04-20,BE,1613,73,19,NA,11
2020-04-20,BL,806,25,6,664,3
2020-04-20,BS,928,42,NA,770,NA
2020-04-20,FR,989,72,11,113,NA
2020-04-20,GE,4807,223,34,561,29
2020-04-20,GL,114,5,NA,NA,NA
2020-04-20,GR,785,42,NA,NA,NA
2020-04-20,JU,195,6,4,NA,NA
2020-04-20,LU,633,15,5,NA,NA
2020-04-20,NE,643,69,10,NA,5
2020-04-20,NW,108,3,2,NA,NA
2020-04-20,OW,67,0,NA,NA,NA
2020-04-20,SG,711,27,7,159,NA
2020-04-20,SH,63,1,2,NA,NA
2020-04-20,SO,355,11,NA,NA,NA
2020-04-20,SZ,272,15,NA,180,NA
2020-04-20,TG,336,13,12,NA,NA
2020-04-20,TI,3058,288,55,621,42
2020-04-20,UR,78,5,NA,69,NA
2020-04-20,VD,5093,334,43,NA,NA
2020-04-20,VS,1793,110,15,NA,9
2020-04-20,ZG,175,7,5,99,NA
2020-04-20,ZH,3246,107,NA,NA,43
2020-04-21,AG,1017,29,18,680,18
2020-04-21,AI,24,0,NA,NA,NA
2020-04-21,AR,86,3,NA,NA,NA
2020-04-21,BE,1622,77,17,NA,11
2020-04-21,BL,809,26,3,679,3
2020-04-21,BS,928,44,9,781,NA
2020-04-21,FR,995,74,8,115,NA
2020-04-21,GE,4841,228,32,581,29
2020-04-21,GL,115,6,NA,NA,NA
2020-04-21,GR,787,43,NA,NA,NA
2020-04-21,JU,195,6,4,NA,NA
2020-04-21,LU,643,15,5,NA,NA
2020-04-21,NE,648,70,7,NA,4
2020-04-21,NW,108,3,1,NA,NA
2020-04-21,OW,67,0,NA,NA,NA
2020-04-21,SG,718,29,8,159,NA
2020-04-21,SH,63,2,2,NA,NA
2020-04-21,SO,359,11,NA,NA,NA
2020-04-21,SZ,276,16,NA,192,NA
2020-04-21,TG,340,13,12,NA,NA
2020-04-21,TI,3065,291,54,639,36
2020-04-21,UR,78,5,NA,69,NA
2020-04-21,VD,5125,342,43,NA,NA
2020-04-21,VS,1800,115,14,NA,10
2020-04-21,ZG,176,8,4,99,NA
2020-04-21,ZH,3271,109,NA,NA,41
2020-04-22,AG,1026,31,15,710,15
2020-04-22,AI,24,0,NA,NA,NA
2020-04-22,AR,87,3,NA,NA,NA
2020-04-22,BE,1643,77,14,NA,10
2020-04-22,BL,811,26,3,683,3
2020-04-22,BS,928,45,7,786,NA
2020-04-22,FR,1006,76,5,116,NA
2020-04-22,GE,4871,235,30,589,27
2020-04-22,GL,117,6,NA,NA,NA
2020-04-22,GR,791,43,NA,NA,NA
2020-04-22,JU,196,6,4,NA,NA
2020-04-22,LU,648,15,NA,NA,NA
2020-04-22,NE,655,72,6,NA,4
2020-04-22,NW,108,3,1,NA,NA
2020-04-22,OW,67,0,NA,NA,NA
2020-04-22,SG,724,29,6,162,NA
2020-04-22,SH,63,3,2,NA,NA
2020-04-22,SO,368,11,NA,NA,NA
2020-04-22,SZ,282,16,NA,194,NA
2020-04-22,TG,341,14,9,NA,NA
2020-04-22,TI,3089,295,42,661,32
2020-04-22,UR,78,5,NA,69,NA
2020-04-22,VD,5146,347,41,NA,NA
2020-04-22,VS,1806,118,13,NA,10
2020-04-22,ZG,176,8,3,131,NA
2020-04-22,ZH,3311,110,NA,NA,44
2020-04-23,AG,1037,31,14,750,14
2020-04-23,AI,25,0,NA,NA,NA
2020-04-23,AR,88,3,2,NA,NA
2020-04-23,BE,1670,79,11,NA,7
2020-04-23,BL,811,26,3,692,2
2020-04-23,BS,931,45,7,793,NA
2020-04-23,FR,1014,76,5,118,NA
2020-04-23,GE,4905,239,29,592,27
2020-04-23,GL,117,6,NA,NA,NA
2020-04-23,GR,794,43,NA,NA,NA
2020-04-23,JU,196,6,4,NA,NA
2020-04-23,LU,654,15,7,NA,NA
2020-04-23,NE,662,72,6,NA,4
2020-04-23,NW,108,3,1,NA,NA
2020-04-23,OW,68,0,NA,NA,NA
2020-04-23,SG,736,31,2,170,NA
2020-04-23,SH,65,3,2,NA,NA
2020-04-23,SO,375,12,NA,NA,NA
2020-04-23,SZ,282,16,NA,198,NA
2020-04-23,TG,354,14,9,NA,NA
2020-04-23,TI,3106,298,41,676,32
2020-04-23,UR,78,5,NA,69,NA
2020-04-23,VD,5177,357,39,NA,NA
2020-04-23,VS,1822,123,13,NA,9
2020-04-23,ZG,178,8,3,133,NA
2020-04-23,ZH,3328,113,NA,NA,44
2020-04-24,AG,1052,31,14,780,14
2020-04-24,AI,25,0,NA,NA,NA
2020-04-24,AR,88,3,2,NA,NA
2020-04-24,BE,1694,82,11,NA,8
2020-04-24,BL,813,30,2,698,1
2020-04-24,BS,936,46,7,800,NA
2020-04-24,FR,1021,76,8,119,NA
2020-04-24,GE,4924,244,26,600,25
2020-04-24,GL,117,7,NA,NA,NA
2020-04-24,GR,799,44,NA,NA,NA
2020-04-24,JU,196,6,4,NA,NA
2020-04-24,LU,660,16,NA,NA,NA
2020-04-24,NE,665,74,6,NA,4
2020-04-24,NW,108,3,0,NA,NA
2020-04-24,OW,71,0,NA,NA,NA
2020-04-24,SG,745,31,4,175,NA
2020-04-24,SH,70,3,1,NA,NA
2020-04-24,SO,376,14,NA,NA,NA
2020-04-24,SZ,284,16,NA,206,NA
2020-04-24,TG,359,14,9,NA,NA
2020-04-24,TI,3121,299,42,682,33
2020-04-24,UR,78,5,NA,69,NA
2020-04-24,VD,5200,360,36,NA,NA
2020-04-24,VS,1831,127,14,NA,9
2020-04-24,ZG,180,8,3,133,NA
2020-04-24,ZH,3357,114,NA,NA,42
2020-04-25,AG,NA,NA,NA,NA,NA
2020-04-25,AI,25,0,NA,NA,NA
2020-04-25,AR,NA,NA,NA,NA,NA
2020-04-25,BE,1708,83,11,NA,10
2020-04-25,BL,816,30,1,710,0
2020-04-25,BS,938,46,NA,NA,NA
2020-04-25,FR,1029,76,7,119,NA
2020-04-25,GE,4941,245,27,NA,26
2020-04-25,GL,120,7,NA,NA,NA
2020-04-25,GR,800,44,NA,NA,NA
2020-04-25,JU,196,6,4,NA,NA
2020-04-25,LU,667,16,8,NA,NA
2020-04-25,NE,666,75,4,NA,3
2020-04-25,NW,108,3,0,NA,NA
2020-04-25,OW,NA,NA,NA,NA,NA
2020-04-25,SG,753,31,NA,NA,NA
2020-04-25,SH,71,5,1,NA,NA
2020-04-25,SO,379,14,NA,NA,NA
2020-04-25,SZ,287,17,NA,215,NA
2020-04-25,TG,360,14,8,NA,NA
2020-04-25,TI,3142,304,40,698,30
2020-04-25,UR,78,5,NA,69,NA
2020-04-25,VD,5213,370,35,NA,NA
2020-04-25,VS,1836,129,14,NA,9
2020-04-25,ZG,181,8,3,133,NA
2020-04-25,ZH,3388,115,NA,NA,38
2020-04-26,AG,NA,NA,NA,NA,NA
2020-04-26,AI,NA,NA,NA,NA,NA
2020-04-26,AR,NA,NA,NA,NA,NA
2020-04-26,BE,1714,83,9,NA,9
2020-04-26,BL,816,30,0,724,0
2020-04-26,BS,940,46,NA,NA,NA
2020-04-26,FR,1033,77,5,120,NA
2020-04-26,GE,4946,247,25,610,24
2020-04-26,GL,120,7,NA,NA,NA
2020-04-26,GR,802,44,NA,NA,NA
2020-04-26,JU,196,6,4,NA,NA
2020-04-26,LU,670,16,7,NA,NA
2020-04-26,NE,667,77,3,NA,3
2020-04-26,NW,110,3,0,NA,NA
2020-04-26,OW,NA,NA,NA,NA,NA
2020-04-26,SG,761,31,4,176,NA
2020-04-26,SH,72,5,2,NA,NA
2020-04-26,SO,380,15,NA,NA,NA
2020-04-26,SZ,293,18,NA,216,NA
2020-04-26,TG,361,16,8,NA,NA
2020-04-26,TI,3161,306,37,704,26
2020-04-26,UR,80,5,NA,69,NA
2020-04-26,VD,5221,374,35,NA,NA
2020-04-26,VS,1838,131,15,NA,8
2020-04-26,ZG,181,8,3,133,NA
2020-04-26,ZH,3391,115,NA,NA,26
2020-04-27,AG,1088,33,15,830,14
2020-04-27,AI,25,0,NA,NA,NA
2020-04-27,AR,94,3,2,NA,NA
2020-04-27,BE,1722,83,10,NA,9
2020-04-27,BL,816,30,1,738,0
2020-04-27,BS,941,46,NA,NA,NA
2020-04-27,FR,1040,78,5,120,NA
2020-04-27,GE,4962,249,26,610,24
2020-04-27,GL,121,7,NA,NA,NA
2020-04-27,GR,807,45,NA,NA,NA
2020-04-27,JU,196,7,4,NA,NA
2020-04-27,LU,674,16,7,NA,NA
2020-04-27,NE,672,77,3,NA,3
2020-04-27,NW,110,3,0,NA,NA
2020-04-27,OW,75,0,NA,NA,NA
2020-04-27,SG,767,31,2,176,NA
2020-04-27,SH,73,5,3,NA,NA
2020-04-27,SO,382,15,NA,NA,NA
2020-04-27,SZ,293,18,NA,216,NA
2020-04-27,TG,361,17,8,NA,NA
2020-04-27,TI,3169,311,34,709,25
2020-04-27,UR,83,5,NA,69,NA
2020-04-27,VD,5239,378,32,NA,NA
2020-04-27,VS,1853,132,14,NA,9
2020-04-27,ZG,185,8,3,134,NA
2020-04-27,ZH,3409,119,NA,NA,24
2020-04-28,AG,1093,33,12,840,11
2020-04-28,AI,25,0,NA,NA,NA
2020-04-28,AR,94,3,2,NA,NA
2020-04-28,BE,1733,83,7,NA,7
2020-04-28,BL,818,30,1,747,0
2020-04-28,BS,943,49,7,NA,NA
2020-04-28,FR,1044,78,5,121,NA
2020-04-28,GE,4981,250,23,617,21
2020-04-28,GL,121,8,NA,NA,NA
2020-04-28,GR,809,45,NA,NA,NA
2020-04-28,JU,197,7,5,NA,NA
2020-04-28,LU,677,17,7,NA,NA
2020-04-28,NE,676,78,3,NA,3
2020-04-28,NW,111,3,0,NA,NA
2020-04-28,OW,78,0,NA,NA,NA
2020-04-28,SG,775,33,3,176,NA
2020-04-28,SH,74,6,2,NA,NA
2020-04-28,SO,383,15,NA,NA,NA
2020-04-28,SZ,295,20,NA,223,NA
2020-04-28,TG,362,17,8,NA,NA
2020-04-28,TI,3176,316,30,712,22
2020-04-28,UR,85,5,NA,71,NA
2020-04-28,VD,5261,384,31,NA,NA
2020-04-28,VS,1864,135,13,NA,8
2020-04-28,ZG,185,8,3,134,NA
2020-04-28,ZH,3424,119,NA,NA,19
2020-04-29,AG,1099,33,10,850,9
2020-04-29,AI,25,0,NA,NA,NA
2020-04-29,AR,94,3,2,NA,NA
2020-04-29,BE,1741,83,10,NA,10
2020-04-29,BL,822,30,1,752,1
2020-04-29,BS,946,49,7,810,NA
2020-04-29,FR,1057,78,7,123,NA
2020-04-29,GE,4998,251,21,634,19
2020-04-29,GL,122,9,NA,NA,NA
2020-04-29,GR,811,45,NA,NA,NA
2020-04-29,JU,197,7,5,NA,NA
2020-04-29,LU,687,17,8,NA,NA
2020-04-29,NE,680,78,4,NA,4
2020-04-29,NW,111,3,0,NA,NA
2020-04-29,OW,78,0,NA,NA,NA
2020-04-29,SG,776,33,10,176,NA
2020-04-29,SH,74,6,2,NA,NA
2020-04-29,SO,384,15,NA,NA,NA
2020-04-29,SZ,295,20,NA,224,NA
2020-04-29,TG,363,17,7,NA,NA
2020-04-29,TI,3191,318,29,728,21
2020-04-29,UR,85,5,NA,71,NA
2020-04-29,VD,5275,385,30,NA,NA
2020-04-29,VS,1876,136,11,NA,8
2020-04-29,ZG,185,8,3,135,NA
2020-04-29,ZH,3453,121,NA,NA,19
2020-04-30,AG,1108,33,9,870,8
2020-04-30,AI,25,0,NA,NA,NA
2020-04-30,AR,95,3,2,NA,NA
2020-04-30,BE,1757,85,9,NA,9
2020-04-30,BL,824,30,1,756,1
2020-04-30,BS,951,50,8,828,NA
2020-04-30,FR,1070,78,6,123,NA
2020-04-30,GE,5008,254,19,640,18
2020-04-30,GL,122,10,NA,NA,NA
2020-04-30,GR,813,45,NA,NA,NA
2020-04-30,JU,198,7,5,NA,NA
2020-04-30,LU,694,17,8,NA,NA
2020-04-30,NE,685,80,5,NA,4
2020-04-30,NW,113,3,0,NA,NA
2020-04-30,OW,78,0,NA,NA,NA
2020-04-30,SG,780,33,3,184,NA
2020-04-30,SH,75,6,2,NA,NA
2020-04-30,SO,388,15,NA,NA,NA
2020-04-30,SZ,302,20,NA,239,NA
2020-04-30,TG,365,17,6,NA,NA
2020-04-30,TI,3210,321,30,739,23
2020-04-30,UR,86,5,NA,71,NA
2020-04-30,VD,5287,387,26,NA,NA
2020-04-30,VS,1883,138,10,NA,8
2020-04-30,ZG,189,8,3,135,NA
2020-04-30,ZH,3464,123,NA,NA,15
2020-05-01,AG,1112,34,11,890,8
2020-05-01,AI,25,0,NA,NA,NA
2020-05-01,AR,96,3,2,NA,NA
2020-05-01,BE,1767,86,9,NA,7
2020-05-01,BL,825,32,1,758,1
2020-05-01,BS,952,50,NA,833,NA
2020-05-01,FR,1078,78,5,123,NA
2020-05-01,GE,5026,257,18,658,17
2020-05-01,GL,122,11,NA,NA,NA
2020-05-01,GR,814,45,NA,NA,NA
2020-05-01,JU,198,7,5,NA,NA
2020-05-01,LU,703,17,8,NA,NA
2020-05-01,NE,688,80,2,NA,2
2020-05-01,NW,113,3,0,NA,NA
2020-05-01,OW,78,0,NA,NA,NA
2020-05-01,SG,788,33,3,187,NA
2020-05-01,SH,75,6,2,NA,NA
2020-05-01,SO,390,15,NA,NA,NA
2020-05-01,SZ,303,21,NA,242,NA
2020-05-01,TG,367,17,6,NA,NA
2020-05-01,TI,3218,322,25,764,20
2020-05-01,UR,87,6,NA,72,NA
2020-05-01,VD,5301,392,25,NA,NA
2020-05-01,VS,1888,138,10,NA,8
2020-05-01,ZG,189,8,1,136,NA
2020-05-01,ZH,3477,123,NA,NA,14
2020-05-02,AG,1124,NA,NA,NA,NA
2020-05-02,AI,NA,NA,NA,NA,NA
2020-05-02,AR,96,3,2,NA,NA
2020-05-02,BE,1779,90,9,NA,6
2020-05-02,BL,828,32,2,762,2
2020-05-02,BS,955,50,NA,835,NA
2020-05-02,FR,1092,79,4,129,NA
2020-05-02,GE,5031,260,17,660,17
2020-05-02,GL,122,11,NA,NA,NA
2020-05-02,GR,816,45,NA,NA,NA
2020-05-02,JU,198,7,5,NA,NA
2020-05-02,LU,704,17,8,NA,NA
2020-05-02,NE,688,80,2,NA,2
2020-05-02,NW,113,3,0,NA,NA
2020-05-02,OW,NA,NA,NA,NA,NA
2020-05-02,SG,NA,NA,NA,NA,NA
2020-05-02,SH,75,6,2,NA,NA
2020-05-02,SO,392,15,NA,NA,NA
2020-05-02,SZ,304,21,NA,246,NA
2020-05-02,TG,368,17,5,NA,NA
2020-05-02,TI,3225,323,23,774,16
2020-05-02,UR,89,6,NA,72,NA
2020-05-02,VD,5310,396,24,NA,NA
2020-05-02,VS,1891,140,10,NA,8
2020-05-02,ZG,189,8,1,136,NA
2020-05-02,ZH,3480,123,NA,NA,13
2020-05-03,AG,1129,NA,NA,NA,NA
2020-05-03,AI,NA,NA,NA,NA,NA
2020-05-03,AR,97,3,2,NA,NA
2020-05-03,BE,1791,90,10,NA,7
2020-05-03,BL,828,32,1,767,1
2020-05-03,BS,956,50,NA,839,NA
2020-05-03,FR,1097,79,4,130,NA
2020-05-03,GE,5037,261,17,660,16
2020-05-03,GL,122,11,NA,NA,NA
2020-05-03,GR,816,45,NA,NA,NA
2020-05-03,JU,198,7,5,NA,NA
2020-05-03,LU,705,18,7,NA,NA
2020-05-03,NE,689,81,2,NA,2
2020-05-03,NW,113,3,0,NA,NA
2020-05-03,OW,NA,NA,NA,NA,NA
2020-05-03,SG,NA,NA,NA,NA,NA
2020-05-03,SH,75,6,2,NA,NA
2020-05-03,SO,398,15,NA,NA,NA
2020-05-03,SZ,304,21,NA,248,NA
2020-05-03,TG,368,17,5,NA,NA
2020-05-03,TI,3235,324,23,779,16
2020-05-03,UR,90,6,NA,72,NA
2020-05-03,VD,5315,398,23,NA,NA
2020-05-03,VS,1893,142,10,NA,8
2020-05-03,ZG,189,8,1,137,NA
2020-05-03,ZH,3484,123,NA,NA,12
2020-05-04,AG,1133,36,5,940,4
2020-05-04,AI,25,0,NA,NA,NA
2020-05-04,AR,97,3,2,NA,NA
2020-05-04,BE,1796,90,8,NA,7
2020-05-04,BL,828,32,1,769,1
2020-05-04,BS,958,50,NA,840,NA
2020-05-04,FR,1102,79,4,130,NA
2020-05-04,GE,5043,263,17,661,16
2020-05-04,GL,122,12,NA,NA,NA
2020-05-04,GR,816,45,NA,NA,NA
2020-05-04,JU,198,7,5,NA,NA
2020-05-04,LU,705,18,6,NA,NA
2020-05-04,NE,691,81,3,NA,3
2020-05-04,NW,113,3,0,NA,NA
2020-05-04,OW,79,0,NA,NA,NA
2020-05-04,SG,793,33,2,189,NA
2020-05-04,SH,75,6,2,NA,NA
2020-05-04,SO,400,15,NA,NA,NA
2020-05-04,SZ,305,21,NA,248,NA
2020-05-04,TG,372,17,5,NA,NA
2020-05-04,TI,3238,326,22,782,15
2020-05-04,UR,91,6,NA,72,NA
2020-05-04,VD,5323,398,23,NA,NA
2020-05-04,VS,1901,142,10,NA,7
2020-05-04,ZG,190,8,1,138,NA
2020-05-04,ZH,3486,123,NA,NA,11
2020-05-05,AG,1135,36,5,940,4
2020-05-05,AI,25,0,NA,NA,NA
2020-05-05,AR,97,3,3,NA,NA
2020-05-05,BE,1798,90,7,NA,5
2020-05-05,BL,829,32,1,773,1
2020-05-05,BS,959,50,4,842,NA
2020-05-05,FR,1104,80,3,131,NA
2020-05-05,GE,5052,264,17,664,16
2020-05-05,GL,122,12,NA,NA,NA
2020-05-05,GR,816,45,NA,NA,NA
2020-05-05,JU,201,7,5,NA,NA
2020-05-05,LU,706,18,6,NA,NA
2020-05-05,NE,695,81,3,NA,2
2020-05-05,NW,113,3,0,NA,NA
2020-05-05,OW,79,0,NA,NA,NA
2020-05-05,SG,793,33,NA,NA,NA
2020-05-05,SH,75,6,4,NA,NA
2020-05-05,SO,402,15,NA,NA,NA
2020-05-05,SZ,305,22,NA,252,NA
2020-05-05,TG,373,17,6,NA,NA
2020-05-05,TI,3239,329,20,794,14
2020-05-05,UR,91,7,NA,74,NA
2020-05-05,VD,5334,399,22,NA,NA
2020-05-05,VS,1903,146,8,NA,6
2020-05-05,ZG,191,8,2,138,NA
2020-05-05,ZH,3502,124,NA,NA,9
2020-05-06,AG,1141,36,5,960,5
2020-05-06,AI,25,0,NA,NA,NA
2020-05-06,AR,97,3,3,NA,NA
2020-05-06,BE,1804,90,6,NA,4
2020-05-06,BL,830,33,1,774,1
2020-05-06,BS,962,50,4,868,NA
2020-05-06,FR,1107,80,5,131,NA
2020-05-06,GE,5059,265,16,671,15
2020-05-06,GL,125,12,NA,NA,NA
2020-05-06,GR,818,45,NA,NA,NA
2020-05-06,JU,201,7,5,NA,NA
2020-05-06,LU,709,18,6,NA,NA
2020-05-06,NE,700,81,3,NA,2
2020-05-06,NW,113,3,0,NA,NA
2020-05-06,OW,79,0,NA,NA,NA
2020-05-06,SG,794,33,2,203,NA
2020-05-06,SH,75,6,4,NA,NA
2020-05-06,SO,403,15,NA,NA,NA
2020-05-06,SZ,305,23,NA,258,NA
2020-05-06,TG,374,17,6,NA,NA
2020-05-06,TI,3245,331,15,802,11
2020-05-06,UR,91,7,NA,74,NA
2020-05-06,VD,5352,399,23,NA,NA
2020-05-06,VS,1906,146,8,NA,5
2020-05-06,ZG,191,8,2,142,NA
2020-05-06,ZH,3517,125,NA,NA,7
2020-05-07,AG,1145,37,4,970,4
2020-05-07,AI,NA,NA,NA,NA,NA
2020-05-07,AR,97,3,2,NA,NA
2020-05-07,BE,1809,90,8,NA,6
2020-05-07,BL,833,33,1,775,1
2020-05-07,BS,965,50,4,870,NA
2020-05-07,FR,1115,80,5,134,NA
2020-05-07,GE,5067,270,15,686,13
2020-05-07,GL,125,12,NA,NA,NA
2020-05-07,GR,818,46,NA,NA,NA
2020-05-07,JU,201,7,4,NA,NA
2020-05-07,LU,710,19,6,NA,NA
2020-05-07,NE,704,82,4,NA,2
2020-05-07,NW,115,3,0,NA,NA
2020-05-07,OW,79,0,NA,NA,NA
2020-05-07,SG,795,33,NA,NA,NA
2020-05-07,SH,76,6,4,NA,NA
2020-05-07,SO,406,15,NA,NA,NA
2020-05-07,SZ,305,23,NA,264,NA
2020-05-07,TG,374,17,6,NA,NA
2020-05-07,TI,3253,332,13,809,12
2020-05-07,UR,92,7,NA,75,NA
2020-05-07,VD,5357,400,21,NA,NA
2020-05-07,VS,1908,146,8,NA,5
2020-05-07,ZG,192,8,1,143,NA
2020-05-07,ZH,3527,125,NA,NA,7
2020-05-08,AG,1149,37,3,990,3
2020-05-08,AI,NA,NA,NA,NA,NA
2020-05-08,AR,97,3,2,NA,NA
2020-05-08,BE,1818,90,8,NA,6
2020-05-08,BL,834,34,1,778,1
2020-05-08,BS,966,50,4,874,NA
2020-05-08,FR,1117,81,5,134,NA
2020-05-08,GE,5073,270,11,694,9
2020-05-08,GL,125,12,NA,NA,NA
2020-05-08,GR,819,46,NA,NA,NA
2020-05-08,JU,202,7,4,NA,NA
2020-05-08,LU,713,19,6,NA,NA
2020-05-08,NE,710,82,2,NA,2
2020-05-08,NW,115,3,0,NA,NA
2020-05-08,OW,79,0,NA,NA,NA
2020-05-08,SG,798,35,NA,NA,NA
2020-05-08,SH,76,6,3,NA,NA
2020-05-08,SO,407,15,NA,NA,NA
2020-05-08,SZ,305,23,NA,267,NA
2020-05-08,TG,374,17,5,NA,NA
2020-05-08,TI,3257,334,13,829,11
2020-05-08,UR,92,7,NA,75,NA
2020-05-08,VD,5368,401,17,NA,NA
2020-05-08,VS,1911,148,8,NA,5
2020-05-08,ZG,192,8,1,144,NA
2020-05-08,ZH,3537,125,NA,NA,5
2020-05-09,AG,1153,NA,NA,NA,NA
2020-05-09,AI,25,0,NA,NA,NA
2020-05-09,AR,NA,NA,NA,NA,NA
2020-05-09,BE,1825,92,7,NA,6
2020-05-09,BL,835,34,1,783,1
2020-05-09,BS,967,50,NA,881,NA
2020-05-09,FR,1121,82,5,134,NA
2020-05-09,GE,5082,272,9,700,7
2020-05-09,GL,126,12,NA,NA,NA
2020-05-09,GR,820,46,NA,NA,NA
2020-05-09,JU,202,7,4,NA,NA
2020-05-09,LU,713,19,NA,NA,NA
2020-05-09,NE,710,82,2,NA,1
2020-05-09,NW,115,3,0,NA,NA
2020-05-09,OW,NA,NA,NA,NA,NA
2020-05-09,SG,NA,NA,NA,NA,NA
2020-05-09,SH,76,6,3,NA,NA
2020-05-09,SO,NA,NA,NA,NA,NA
2020-05-09,SZ,306,23,NA,268,NA
2020-05-09,TG,376,17,5,NA,NA
2020-05-09,TI,3260,338,12,843,10
2020-05-09,UR,92,7,NA,75,NA
2020-05-09,VD,5375,401,17,NA,NA
2020-05-09,VS,1912,148,9,NA,6
2020-05-09,ZG,193,8,1,152,NA
2020-05-09,ZH,3542,126,NA,NA,5
2020-05-10,AG,1156,NA,NA,NA,NA
2020-05-10,AI,NA,NA,NA,NA,NA
2020-05-10,AR,NA,NA,NA,NA,NA
2020-05-10,BE,1832,92,7,NA,6
2020-05-10,BL,836,34,1,785,1
2020-05-10,BS,968,50,NA,882,NA
2020-05-10,FR,1126,83,4,137,NA
2020-05-10,GE,5083,274,8,707,7
2020-05-10,GL,126,12,NA,NA,NA
2020-05-10,GR,820,46,NA,NA,NA
2020-05-10,JU,202,7,4,NA,NA
2020-05-10,LU,713,19,NA,NA,NA
2020-05-10,NE,712,82,1,NA,1
2020-05-10,NW,115,3,0,NA,NA
2020-05-10,OW,NA,NA,NA,NA,NA
2020-05-10,SG,NA,NA,NA,NA,NA
2020-05-10,SH,78,6,3,NA,NA
2020-05-10,SO,NA,NA,NA,NA,NA
2020-05-10,SZ,NA,NA,NA,NA,NA
2020-05-10,TG,376,17,5,NA,NA
2020-05-10,TI,3265,340,10,847,9
2020-05-10,UR,92,7,NA,75,NA
2020-05-10,VD,5375,404,16,NA,NA
2020-05-10,VS,1913,148,9,NA,6
2020-05-10,ZG,193,8,1,152,NA
2020-05-10,ZH,3545,126,NA,NA,5
2020-05-11,AG,1163,38,2,1030,2
2020-05-11,AI,25,0,NA,NA,NA
2020-05-11,AR,98,3,2,NA,NA
2020-05-11,BE,1835,92,7,NA,6
2020-05-11,BL,836,34,1,785,1
2020-05-11,BS,970,50,NA,884,NA
2020-05-11,FR,1129,83,5,137,NA
2020-05-11,GE,5088,274,7,709,6
2020-05-11,GL,127,12,NA,NA,NA
2020-05-11,GR,820,46,NA,NA,NA
2020-05-11,JU,202,7,3,NA,NA
2020-05-11,LU,713,19,5,NA,NA
2020-05-11,NE,714,82,1,NA,1
2020-05-11,NW,117,3,0,NA,NA
2020-05-11,OW,79,0,NA,NA,NA
2020-05-11,SG,801,36,1,210,NA
2020-05-11,SH,78,6,3,NA,NA
2020-05-11,SO,420,15,NA,NA,NA
2020-05-11,SZ,306,23,NA,272,NA
2020-05-11,TG,376,17,5,NA,NA
2020-05-11,TI,3268,340,10,847,8
2020-05-11,UR,92,7,NA,75,NA
2020-05-11,VD,5382,404,15,NA,NA
2020-05-11,VS,1917,149,9,NA,6
2020-05-11,ZG,193,8,1,152,NA
2020-05-11,ZH,3550,126,NA,NA,5
2020-05-12,AG,1167,42,2,1040,2
2020-05-12,AI,25,0,NA,NA,NA
2020-05-12,AR,98,3,2,NA,NA
2020-05-12,BE,1840,93,6,NA,5
2020-05-12,BL,837,34,1,789,1
2020-05-12,BS,970,50,3,892,NA
2020-05-12,FR,1138,83,6,138,NA
2020-05-12,GE,5098,275,5,711,5
2020-05-12,GL,127,12,NA,NA,NA
2020-05-12,GR,821,46,NA,NA,NA
2020-05-12,JU,202,7,3,NA,NA
2020-05-12,LU,715,19,5,NA,NA
2020-05-12,NE,716,82,1,NA,1
2020-05-12,NW,118,3,0,NA,NA
2020-05-12,OW,79,0,NA,NA,NA
2020-05-12,SG,802,36,NA,NA,NA
2020-05-12,SH,78,6,3,NA,NA
2020-05-12,SO,421,15,NA,NA,NA
2020-05-12,SZ,306,23,NA,277,NA
2020-05-12,TG,376,17,5,NA,NA
2020-05-12,TI,3268,340,9,849,7
2020-05-12,UR,92,7,NA,75,NA
2020-05-12,VD,5391,404,14,NA,NA
2020-05-12,VS,1917,149,7,NA,6
2020-05-12,ZG,194,8,1,159,NA
2020-05-12,ZH,3552,126,NA,NA,7
2020-05-13,AG,1169,42,1,1045,1
2020-05-13,AI,NA,NA,NA,NA,NA
2020-05-13,AR,NA,NA,NA,NA,NA
2020-05-13,BE,1843,94,7,NA,6
2020-05-13,BL,837,34,1,789,0
2020-05-13,BS,970,50,NA,894,NA
2020-05-13,FR,1141,84,5,139,NA
2020-05-13,GE,5102,276,6,722,6
2020-05-13,GL,127,12,NA,NA,NA
2020-05-13,GR,822,46,NA,NA,NA
2020-05-13,JU,202,7,2,NA,NA
2020-05-13,LU,715,19,4,NA,NA
2020-05-13,NE,716,82,1,NA,1
2020-05-13,NW,120,3,0,NA,NA
2020-05-13,OW,79,0,NA,NA,NA
2020-05-13,SG,802,36,2,215,NA
2020-05-13,SH,78,6,3,NA,NA
2020-05-13,SO,423,15,NA,NA,NA
2020-05-13,SZ,306,23,NA,277,NA
2020-05-13,TG,376,17,4,NA,NA
2020-05-13,TI,3272,341,9,851,7
2020-05-13,UR,92,7,NA,78,NA
2020-05-13,VD,5399,404,14,NA,NA
2020-05-13,VS,1918,149,7,NA,5
2020-05-13,ZG,195,8,0,161,NA
2020-05-13,ZH,3558,126,NA,NA,8
2020-05-14,AG,1174,43,1,1060,1
2020-05-14,AI,25,0,NA,NA,NA
2020-05-14,AR,NA,NA,NA,NA,NA
2020-05-14,BE,1847,94,5,NA,5
2020-05-14,BL,837,34,1,790,0
2020-05-14,BS,971,50,NA,895,NA
2020-05-14,FR,1143,84,5,142,NA
2020-05-14,GE,5109,276,6,734,6
2020-05-14,GL,128,12,NA,NA,NA
2020-05-14,GR,823,47,NA,NA,NA
2020-05-14,JU,202,7,2,NA,NA
2020-05-14,LU,715,19,4,NA,NA
2020-05-14,NE,716,82,1,NA,1
2020-05-14,NW,122,3,0,NA,NA
2020-05-14,OW,79,0,NA,NA,NA
2020-05-14,SG,802,36,NA,NA,NA
2020-05-14,SH,78,6,3,NA,NA
2020-05-14,SO,425,15,NA,NA,NA
2020-05-14,SZ,307,23,NA,280,NA
2020-05-14,TG,378,17,4,NA,NA
2020-05-14,TI,3272,341,9,857,7
2020-05-14,UR,92,7,NA,78,NA
2020-05-14,VD,5404,406,14,NA,NA
2020-05-14,VS,1920,149,7,NA,5
2020-05-14,ZG,197,8,0,161,NA
2020-05-14,ZH,3563,126,NA,NA,7
2020-05-15,AG,1177,43,1,1060,1
2020-05-15,AI,NA,NA,NA,NA,NA
2020-05-15,AR,99,3,1,NA,NA
2020-05-15,BE,1852,96,5,NA,4
2020-05-15,BL,837,34,0,791,0
2020-05-15,BS,972,50,3,897,NA
2020-05-15,FR,1145,84,5,143,NA
2020-05-15,GE,5114,276,7,736,6
2020-05-15,GL,128,12,NA,NA,NA
2020-05-15,GR,823,47,NA,NA,NA
2020-05-15,JU,202,7,2,NA,NA
2020-05-15,LU,715,20,4,NA,NA
2020-05-15,NE,716,83,1,NA,1
2020-05-15,NW,122,3,0,NA,NA
2020-05-15,OW,79,0,NA,NA,NA
2020-05-15,SG,803,36,2,216,NA
2020-05-15,SH,78,6,3,NA,NA
2020-05-15,SO,427,15,NA,NA,NA
2020-05-15,SZ,307,23,NA,280,NA
2020-05-15,TG,379,17,4,NA,NA
2020-05-15,TI,3279,341,7,864,5
2020-05-15,UR,NA,NA,NA,NA,NA
2020-05-15,VD,5408,406,12,NA,NA
2020-05-15,VS,1929,149,7,NA,5
2020-05-15,ZG,198,8,0,163,NA
2020-05-15,ZH,3565,127,NA,NA,7
2020-05-16,AG,NA,NA,NA,NA,NA
2020-05-16,AI,25,0,NA,NA,NA
2020-05-16,AR,NA,NA,NA,NA,NA
2020-05-16,BE,1860,96,5,NA,4
2020-05-16,BL,838,34,1,791,0
2020-05-16,BS,974,50,NA,904,NA
2020-05-16,FR,1146,84,5,143,NA
2020-05-16,GE,5116,276,5,737,5
2020-05-16,GL,NA,NA,NA,NA,NA
2020-05-16,GR,823,47,NA,NA,NA
2020-05-16,JU,202,7,2,NA,NA
2020-05-16,LU,719,20,NA,NA,NA
2020-05-16,NE,716,83,1,NA,1
2020-05-16,NW,123,3,0,NA,NA
2020-05-16,OW,NA,NA,NA,NA,NA
2020-05-16,SG,NA,NA,NA,NA,NA
2020-05-16,SH,78,NA,NA,NA,NA
2020-05-16,SO,NA,NA,NA,NA,NA
2020-05-16,SZ,307,23,NA,281,NA
2020-05-16,TG,379,17,4,NA,NA
2020-05-16,TI,3280,341,8,870,5
2020-05-16,UR,93,7,NA,79,NA
2020-05-16,VD,5408,406,12,NA,NA
2020-05-16,VS,1932,149,7,NA,5
2020-05-16,ZG,199,8,0,168,NA
2020-05-16,ZH,3570,127,NA,NA,8
2020-05-17,AG,NA,NA,NA,NA,NA
2020-05-17,AI,NA,NA,NA,NA,NA
2020-05-17,AR,NA,NA,NA,NA,NA
2020-05-17,BE,1860,96,5,NA,4
2020-05-17,BL,838,35,1,795,0
2020-05-17,BS,974,50,NA,904,NA
2020-05-17,FR,1147,84,4,144,NA
2020-05-17,GE,5117,277,4,738,4
2020-05-17,GL,NA,NA,NA,NA,NA
2020-05-17,GR,823,48,NA,NA,NA
2020-05-17,JU,202,7,2,NA,NA
2020-05-17,LU,723,20,NA,NA,NA
2020-05-17,NE,718,83,3,NA,1
2020-05-17,NW,123,3,0,NA,NA
2020-05-17,OW,NA,NA,NA,NA,NA
2020-05-17,SG,NA,NA,NA,NA,NA
2020-05-17,SH,78,NA,NA,NA,NA
2020-05-17,SO,NA,NA,NA,NA,NA
2020-05-17,SZ,307,23,NA,281,NA
2020-05-17,TG,379,17,4,NA,NA
2020-05-17,TI,3284,342,7,873,4
2020-05-17,UR,93,7,NA,79,NA
2020-05-17,VD,5410,406,12,NA,NA
2020-05-17,VS,1932,149,7,NA,5
2020-05-17,ZG,199,8,0,168,NA
2020-05-17,ZH,3572,127,NA,NA,8
2020-05-18,AG,1185,44,1,1075,1
2020-05-18,AI,NA,NA,NA,NA,NA
2020-05-18,AR,99,3,1,NA,NA
2020-05-18,BE,1863,96,2,NA,2
2020-05-18,BL,838,35,0,795,0
2020-05-18,BS,974,50,NA,904,NA
2020-05-18,FR,1147,84,4,144,NA
2020-05-18,GE,5118,278,5,739,4
2020-05-18,GL,128,12,NA,NA,NA
2020-05-18,GR,824,48,NA,NA,NA
2020-05-18,JU,202,7,2,NA,NA
2020-05-18,LU,726,20,4,NA,NA
2020-05-18,NE,719,83,2,NA,1
2020-05-18,NW,123,3,0,NA,NA
2020-05-18,OW,79,0,NA,NA,NA
2020-05-18,SG,806,36,1,217,NA
2020-05-18,SH,78,6,3,NA,NA
2020-05-18,SO,432,16,NA,NA,NA
2020-05-18,SZ,307,23,NA,281,NA
2020-05-18,TG,379,17,4,NA,NA
2020-05-18,TI,3285,343,5,874,3
2020-05-18,UR,93,7,NA,79,NA
2020-05-18,VD,5415,406,13,NA,NA
2020-05-18,VS,1933,151,6,NA,4
2020-05-18,ZG,199,8,0,169,NA
2020-05-18,ZH,3576,127,NA,NA,8
2020-05-19,AG,1187,44,4,1085,2
2020-05-19,AI,NA,NA,NA,NA,NA
2020-05-19,AR,NA,NA,NA,NA,NA
2020-05-19,BE,1865,96,2,NA,2
2020-05-19,BL,838,35,0,797,0
2020-05-19,BS,975,50,3,916,NA
2020-05-19,FR,1147,84,4,144,NA
2020-05-19,GE,5120,278,4,743,1
2020-05-19,GL,128,12,NA,NA,NA
2020-05-19,GR,824,48,NA,NA,NA
2020-05-19,JU,203,7,2,NA,NA
2020-05-19,LU,727,20,4,NA,NA
2020-05-19,NE,721,83,1,NA,1
2020-05-19,NW,123,3,0,NA,NA
2020-05-19,OW,80,0,NA,NA,NA
2020-05-19,SG,806,36,NA,NA,NA
2020-05-19,SH,78,6,2,NA,NA
2020-05-19,SO,434,16,NA,NA,NA
2020-05-19,SZ,307,23,NA,281,NA
2020-05-19,TG,379,17,4,NA,NA
2020-05-19,TI,3285,344,5,877,4
2020-05-19,UR,93,7,NA,79,NA
2020-05-19,VD,5419,406,13,NA,NA
2020-05-19,VS,1934,151,6,NA,4
2020-05-19,ZG,199,8,0,171,NA
2020-05-19,ZH,3580,128,NA,NA,6
2020-05-20,AG,1194,44,2,1090,2
2020-05-20,AI,25,0,NA,NA,NA
2020-05-20,AR,99,3,1,NA,NA
2020-05-20,BE,1867,96,3,NA,3
2020-05-20,BL,838,35,0,798,0
2020-05-20,BS,976,50,NA,916,NA
2020-05-20,FR,1152,84,4,144,NA
2020-05-20,GE,5127,278,3,746,0
2020-05-20,GL,128,12,NA,NA,NA
2020-05-20,GR,825,48,NA,NA,NA
2020-05-20,JU,203,7,2,NA,NA
2020-05-20,LU,732,20,3,NA,NA
2020-05-20,NE,723,83,1,NA,1
2020-05-20,NW,123,3,0,NA,NA
2020-05-20,OW,82,0,NA,NA,NA
2020-05-20,SG,807,36,1,217,NA
2020-05-20,SH,78,6,1,NA,NA
2020-05-20,SO,436,16,NA,NA,NA
2020-05-20,SZ,307,23,NA,282,NA
2020-05-20,TG,379,18,4,NA,NA
2020-05-20,TI,3287,344,4,881,4
2020-05-20,UR,93,7,NA,82,NA
2020-05-20,VD,5423,406,12,NA,NA
2020-05-20,VS,1934,151,5,NA,4
2020-05-20,ZG,199,8,0,171,NA
2020-05-20,ZH,3583,128,NA,NA,4
2020-05-21,AG,1195,NA,NA,NA,NA
2020-05-21,AI,NA,NA,NA,NA,NA
2020-05-21,AR,NA,NA,NA,NA,NA
2020-05-21,BE,1869,96,3,NA,3
2020-05-21,BL,838,35,0,798,0
2020-05-21,BS,976,50,NA,916,NA
2020-05-21,FR,1152,84,3,146,NA
2020-05-21,GE,5132,279,2,763,0
2020-05-21,GL,128,12,NA,NA,NA
2020-05-21,GR,825,48,NA,NA,NA
2020-05-21,JU,204,7,1,NA,NA
2020-05-21,LU,NA,NA,NA,NA,NA
2020-05-21,NE,723,83,1,NA,1
2020-05-21,NW,123,3,0,NA,NA
2020-05-21,OW,NA,NA,NA,NA,NA
2020-05-21,SG,NA,NA,NA,NA,NA
2020-05-21,SH,78,NA,NA,NA,NA
2020-05-21,SO,439,16,NA,NA,NA
2020-05-21,SZ,307,23,NA,283,NA
2020-05-21,TG,379,18,4,NA,NA
2020-05-21,TI,3301,344,5,885,5
2020-05-21,UR,93,7,NA,82,NA
2020-05-21,VD,5423,406,12,NA,NA
2020-05-21,VS,1935,151,5,NA,4
2020-05-21,ZG,199,8,0,173,NA
2020-05-21,ZH,3584,129,NA,NA,3
2020-05-22,AG,1195,NA,NA,NA,NA
2020-05-22,AI,NA,NA,NA,NA,NA
2020-05-22,AR,99,3,1,NA,NA
2020-05-22,BE,1874,96,3,NA,3
2020-05-22,BL,838,35,0,799,0
2020-05-22,BS,976,50,NA,916,NA
2020-05-22,FR,1152,84,3,146,NA
2020-05-22,GE,5134,279,2,765,0
2020-05-22,GL,128,12,NA,NA,NA
2020-05-22,GR,826,48,NA,NA,NA
2020-05-22,JU,204,7,1,NA,NA
2020-05-22,LU,733,20,NA,NA,NA
2020-05-22,NE,723,83,1,NA,1
2020-05-22,NW,123,3,0,NA,NA
2020-05-22,OW,NA,NA,NA,NA,NA
2020-05-22,SG,NA,NA,NA,NA,NA
2020-05-22,SH,78,6,1,NA,NA
2020-05-22,SO,NA,NA,NA,NA,NA
2020-05-22,SZ,307,23,NA,284,NA
2020-05-22,TG,379,18,4,NA,NA
2020-05-22,TI,3304,345,5,887,3
2020-05-22,UR,93,7,NA,84,NA
2020-05-22,VD,5427,406,11,NA,NA
2020-05-22,VS,1935,151,4,NA,3
2020-05-22,ZG,199,8,0,173,NA
2020-05-22,ZH,3586,130,NA,NA,4
2020-05-23,AG,NA,NA,NA,NA,NA
2020-05-23,AI,NA,NA,NA,NA,NA
2020-05-23,AR,NA,NA,NA,NA,NA
2020-05-23,BE,1878,96,3,NA,3
2020-05-23,BL,838,35,0,800,0
2020-05-23,BS,976,50,NA,916,NA
2020-05-23,FR,1154,84,3,146,NA
2020-05-23,GE,5136,279,2,NA,0
2020-05-23,GL,NA,NA,NA,NA,NA
2020-05-23,GR,826,48,NA,NA,NA
2020-05-23,JU,204,7,2,NA,NA
2020-05-23,LU,733,20,NA,NA,NA
2020-05-23,NE,724,83,1,NA,1
2020-05-23,NW,123,3,0,NA,NA
2020-05-23,OW,NA,NA,NA,NA,NA
2020-05-23,SG,NA,NA,NA,NA,NA
2020-05-23,SH,NA,NA,NA,NA,NA
2020-05-23,SO,NA,NA,NA,NA,NA
2020-05-23,SZ,307,23,NA,284,NA
2020-05-23,TG,380,18,3,NA,NA
2020-05-23,TI,3304,346,6,888,5
2020-05-23,UR,93,7,NA,84,NA
2020-05-23,VD,5433,406,11,NA,NA
2020-05-23,VS,1935,151,4,NA,3
2020-05-23,ZG,201,8,0,174,NA
2020-05-23,ZH,3588,130,NA,NA,1
2020-05-24,AG,NA,NA,NA,NA,NA
2020-05-24,AI,25,0,NA,NA,NA
2020-05-24,AR,NA,NA,NA,NA,NA
2020-05-24,BE,1881,96,3,NA,3
2020-05-24,BL,838,35,0,801,0
2020-05-24,BS,976,50,NA,916,NA
2020-05-24,FR,1155,84,3,147,NA
2020-05-24,GE,5136,279,2,NA,0
2020-05-24,GL,NA,NA,NA,NA,NA
2020-05-24,GR,826,48,NA,NA,NA
2020-05-24,JU,204,7,2,NA,NA
2020-05-24,LU,733,20,NA,NA,NA
2020-05-24,NE,724,83,1,NA,1
2020-05-24,NW,123,3,0,NA,NA
2020-05-24,OW,NA,NA,NA,NA,NA
2020-05-24,SG,NA,NA,NA,NA,NA
2020-05-24,SH,NA,NA,NA,NA,NA
2020-05-24,SO,NA,NA,NA,NA,NA
2020-05-24,SZ,307,23,NA,284,NA
2020-05-24,TG,380,18,2,NA,NA
2020-05-24,TI,3305,347,4,888,4
2020-05-24,UR,93,7,NA,84,NA
2020-05-24,VD,5435,406,11,NA,NA
2020-05-24,VS,1936,151,4,NA,3
2020-05-24,ZG,202,8,0,174,NA
2020-05-24,ZH,3589,130,NA,NA,1
2020-05-25,AG,1198,45,1,1110,1
2020-05-25,AI,25,0,NA,NA,NA
2020-05-25,AR,99,3,1,NA,NA
2020-05-25,BE,1881,96,2,NA,2
2020-05-25,BL,838,35,0,801,0
2020-05-25,BS,976,50,NA,920,NA
2020-05-25,FR,1156,84,3,148,NA
2020-05-25,GE,5136,280,2,775,0
2020-05-25,GL,128,12,NA,NA,NA
2020-05-25,GR,826,48,NA,NA,NA
2020-05-25,JU,204,7,2,NA,NA
2020-05-25,LU,733,20,4,NA,NA
2020-05-25,NE,724,83,1,NA,1
2020-05-25,NW,123,3,0,NA,NA
2020-05-25,OW,82,0,NA,NA,NA
2020-05-25,SG,807,36,NA,NA,NA
2020-05-25,SH,78,6,1,NA,NA
2020-05-25,SO,439,17,NA,NA,NA
2020-05-25,SZ,307,23,NA,284,NA
2020-05-25,TG,380,18,2,NA,NA
2020-05-25,TI,3306,348,4,888,4
2020-05-25,UR,93,7,NA,84,NA
2020-05-25,VD,5435,406,10,NA,NA
2020-05-25,VS,1938,151,4,NA,3
2020-05-25,ZG,202,8,0,175,NA
2020-05-25,ZH,3591,130,NA,NA,1
2020-05-26,AG,1200,NA,NA,NA,NA
2020-05-26,AI,NA,NA,NA,NA,NA
2020-05-26,AR,NA,NA,NA,NA,NA
2020-05-26,BE,1881,96,2,NA,2
2020-05-26,BL,838,35,0,802,0
2020-05-26,BS,976,50,2,922,NA
2020-05-26,FR,1156,84,3,148,NA
2020-05-26,GE,5139,280,1,780,0
2020-05-26,GL,128,12,NA,NA,NA
2020-05-26,GR,827,48,NA,NA,NA
2020-05-26,JU,204,7,2,NA,NA
2020-05-26,LU,734,20,4,NA,NA
2020-05-26,NE,725,83,1,NA,1
2020-05-26,NW,123,3,0,NA,NA
2020-05-26,OW,82,0,NA,NA,NA
2020-05-26,SG,807,36,NA,NA,NA
2020-05-26,SH,78,6,2,NA,NA
2020-05-26,SO,439,17,NA,NA,NA
2020-05-26,SZ,307,23,NA,284,NA
2020-05-26,TG,380,18,2,NA,NA
2020-05-26,TI,3308,348,4,888,3
2020-05-26,UR,93,7,NA,86,NA
2020-05-26,VD,5438,406,9,NA,NA
2020-05-26,VS,1941,151,3,NA,3
2020-05-26,ZG,202,8,0,176,NA
2020-05-26,ZH,3597,130,NA,NA,1
2020-05-27,AG,1201,NA,NA,NA,NA
2020-05-27,AI,25,0,NA,NA,NA
2020-05-27,AR,99,3,1,NA,NA
2020-05-27,BE,1881,96,2,NA,1
2020-05-27,BL,838,35,0,802,0
2020-05-27,BS,976,50,NA,923,NA
2020-05-27,FR,1157,84,3,148,NA
2020-05-27,GE,5142,280,0,788,0
2020-05-27,GL,128,12,NA,NA,NA
2020-05-27,GR,827,48,NA,NA,NA
2020-05-27,JU,205,7,1,NA,NA
2020-05-27,LU,735,20,4,NA,NA
2020-05-27,NE,725,NA,2,NA,0
2020-05-27,NW,123,3,0,NA,NA
2020-05-27,OW,82,0,NA,NA,NA
2020-05-27,SG,808,37,NA,NA,NA
2020-05-27,SH,78,6,2,NA,NA
2020-05-27,SO,439,17,NA,NA,NA
2020-05-27,SZ,307,23,NA,284,NA
2020-05-27,TG,380,18,2,NA,NA
2020-05-27,TI,3308,348,2,889,2
2020-05-27,UR,93,7,NA,86,NA
2020-05-27,VD,5440,406,9,NA,NA
2020-05-27,VS,1942,151,3,NA,3
2020-05-27,ZG,202,9,0,179,NA
2020-05-27,ZH,3601,130,NA,NA,1
2020-05-28,AG,1201,46,1,1120,1
2020-05-28,AI,NA,NA,NA,NA,NA
2020-05-28,AR,99,3,1,NA,NA
2020-05-28,BE,1883,96,2,NA,1
2020-05-28,BL,840,35,0,802,0
2020-05-28,BS,976,50,NA,923,NA
2020-05-28,FR,1158,84,3,149,NA
2020-05-28,GE,NA,NA,0,792,0
2020-05-28,GL,128,12,NA,NA,NA
2020-05-28,GR,827,48,NA,NA,NA
2020-05-28,JU,205,7,1,NA,NA
2020-05-28,LU,735,20,NA,NA,NA
2020-05-28,NE,725,NA,0,NA,0
2020-05-28,NW,123,3,0,NA,NA
2020-05-28,OW,82,0,NA,NA,NA
2020-05-28,SG,808,37,NA,NA,NA
2020-05-28,SH,78,6,2,NA,NA
2020-05-28,SO,440,17,NA,NA,NA
2020-05-28,SZ,307,23,NA,284,NA
2020-05-28,TG,380,18,1,NA,NA
2020-05-28,TI,3310,348,2,891,1
2020-05-28,UR,93,7,NA,86,NA
2020-05-28,VD,5442,406,9,NA,NA
2020-05-28,VS,1943,151,3,NA,3
2020-05-28,ZG,202,9,0,180,NA
2020-05-28,ZH,3607,130,NA,NA,1
2020-05-29,AG,NA,NA,NA,NA,NA
2020-05-29,AI,25,0,NA,NA,NA
2020-05-29,AR,100,3,0,NA,NA
2020-05-29,BE,1884,96,0,NA,1
2020-05-29,BL,840,35,0,802,0
2020-05-29,BS,978,50,NA,923,NA
2020-05-29,FR,1159,84,3,149,NA
2020-05-29,GE,NA,NA,NA,NA,NA
2020-05-29,GL,128,12,NA,NA,NA
2020-05-29,GR,827,48,NA,NA,NA
2020-05-29,JU,205,7,1,NA,NA
2020-05-29,LU,735,20,5,NA,NA
2020-05-29,NE,726,NA,0,NA,0
2020-05-29,NW,123,3,0,NA,NA
2020-05-29,OW,82,0,NA,NA,NA
2020-05-29,SG,808,37,NA,NA,NA
2020-05-29,SH,78,6,2,NA,NA
2020-05-29,SO,440,17,NA,NA,NA
2020-05-29,SZ,307,23,NA,284,NA
2020-05-29,TG,381,18,1,NA,NA
2020-05-29,TI,3313,348,1,892,1
2020-05-29,UR,93,7,NA,86,NA
2020-05-29,VD,5445,406,10,NA,NA
2020-05-29,VS,1943,151,3,NA,3
2020-05-29,ZG,202,9,0,180,NA
2020-05-29,ZH,3614,130,NA,NA,0
2020-05-30,AG,NA,NA,NA,NA,NA
2020-05-30,AI,NA,NA,NA,NA,NA
2020-05-30,AR,NA,NA,NA,NA,NA
2020-05-30,BE,1909,97,1,NA,1
2020-05-30,BL,841,35,0,802,0
2020-05-30,BS,978,50,NA,923,NA
2020-05-30,FR,1159,84,3,150,NA
2020-05-30,GE,NA,NA,NA,NA,NA
2020-05-30,GL,NA,NA,NA,NA,NA
2020-05-30,GR,827,48,NA,NA,NA
2020-05-30,JU,205,7,1,NA,NA
2020-05-30,LU,735,20,NA,NA,NA
2020-05-30,NE,726,NA,NA,NA,NA
2020-05-30,NW,124,3,0,NA,NA
2020-05-30,OW,NA,NA,NA,NA,NA
2020-05-30,SG,NA,NA,NA,NA,NA
2020-05-30,SH,NA,NA,NA,NA,NA
2020-05-30,SO,NA,NA,NA,NA,NA
2020-05-30,SZ,307,23,NA,284,NA
2020-05-30,TG,383,18,0,NA,NA
2020-05-30,TI,3313,348,1,894,1
2020-05-30,UR,93,7,NA,86,NA
2020-05-30,VD,5446,406,10,NA,NA
2020-05-30,VS,1943,151,3,NA,3
2020-05-30,ZG,202,9,0,180,NA
2020-05-30,ZH,3620,130,NA,NA,0
2020-05-31,AG,NA,NA,NA,NA,NA
2020-05-31,AI,NA,NA,NA,NA,NA
2020-05-31,AR,NA,NA,NA,NA,NA
2020-05-31,BE,1910,97,1,NA,1
2020-05-31,BL,842,35,0,802,0
2020-05-31,BS,978,50,NA,923,NA
2020-05-31,FR,1159,84,3,150,NA
2020-05-31,GE,NA,NA,NA,NA,NA
2020-05-31,GL,NA,NA,NA,NA,NA
2020-05-31,GR,827,48,NA,NA,NA
2020-05-31,JU,205,7,1,NA,NA
2020-05-31,LU,735,20,NA,NA,NA
2020-05-31,NE,726,NA,NA,NA,NA
2020-05-31,NW,124,3,0,NA,NA
2020-05-31,OW,NA,NA,NA,NA,NA
2020-05-31,SG,NA,NA,NA,NA,NA
2020-05-31,SH,NA,NA,NA,NA,NA
2020-05-31,SO,NA,NA,NA,NA,NA
2020-05-31,SZ,307,23,NA,284,NA
2020-05-31,TG,383,18,0,NA,NA
2020-05-31,TI,3315,348,1,895,1
2020-05-31,UR,93,7,NA,86,NA
2020-05-31,VD,5448,406,11,NA,NA
2020-05-31,VS,1945,151,5,NA,4
2020-05-31,ZG,202,9,0,180,NA
2020-05-31,ZH,3620,130,NA,NA,1
2020-06-01,AG,1210,NA,NA,NA,NA
2020-06-01,AI,NA,NA,NA,NA,NA
2020-06-01,AR,NA,NA,NA,NA,NA
2020-06-01,BE,1910,97,1,NA,1
2020-06-01,BL,843,35,0,802,0
2020-06-01,BS,978,50,NA,923,NA
2020-06-01,FR,1159,84,3,150,NA
2020-06-01,GE,NA,NA,NA,NA,NA
2020-06-01,GL,NA,NA,NA,NA,NA
2020-06-01,GR,827,48,NA,NA,NA
2020-06-01,JU,205,7,1,NA,NA
2020-06-01,LU,735,20,NA,NA,NA
2020-06-01,NE,NA,NA,NA,NA,NA
2020-06-01,NW,124,3,0,NA,NA
2020-06-01,OW,NA,NA,NA,NA,NA
2020-06-01,SG,NA,NA,NA,NA,NA
2020-06-01,SH,NA,NA,NA,NA,NA
2020-06-01,SO,NA,NA,NA,NA,NA
2020-06-01,SZ,307,23,NA,284,NA
2020-06-01,TG,383,18,0,NA,NA
2020-06-01,TI,3315,348,1,895,1
2020-06-01,UR,93,7,NA,86,NA
2020-06-01,VD,5448,406,11,NA,NA
2020-06-01,VS,1946,151,4,NA,4
2020-06-01,ZG,202,9,0,180,NA
2020-06-01,ZH,3620,130,NA,NA,1
2020-06-02,AG,1213,46,1,1140,1
2020-06-02,AI,NA,NA,NA,NA,NA
2020-06-02,AR,100,3,0,NA,NA
2020-06-02,BE,1911,97,0,NA,0
2020-06-02,BL,843,35,0,802,0
2020-06-02,BS,978,50,NA,923,NA
2020-06-02,FR,1161,84,3,150,NA
2020-06-02,GE,NA,NA,NA,NA,NA
2020-06-02,GL,128,12,NA,NA,NA
2020-06-02,GR,NA,NA,NA,NA,NA
2020-06-02,JU,205,7,0,NA,NA
2020-06-02,LU,735,20,NA,NA,NA
2020-06-02,NE,NA,NA,NA,NA,NA
2020-06-02,NW,124,3,0,NA,NA
2020-06-02,OW,82,0,NA,NA,NA
2020-06-02,SG,NA,NA,NA,NA,NA
2020-06-02,SH,78,6,1,NA,NA
2020-06-02,SO,443,17,NA,NA,NA
2020-06-02,SZ,307,23,NA,284,NA
2020-06-02,TG,383,18,0,NA,NA
2020-06-02,TI,3315,348,1,897,1
2020-06-02,UR,93,7,NA,86,NA
2020-06-02,VD,NA,NA,NA,NA,NA
2020-06-02,VS,1946,151,4,NA,4
2020-06-02,ZG,202,9,0,185,NA
2020-06-02,ZH,3622,130,NA,NA,0
2020-06-03,AG,NA,NA,NA,NA,NA
2020-06-03,AI,NA,NA,NA,NA,NA
2020-06-03,AR,NA,NA,NA,NA,NA
2020-06-03,BE,NA,NA,NA,NA,NA
2020-06-03,BL,NA,NA,NA,NA,NA
2020-06-03,BS,NA,NA,NA,NA,NA
2020-06-03,FR,NA,NA,NA,NA,NA
2020-06-03,GE,NA,NA,NA,NA,NA
2020-06-03,GL,NA,NA,NA,NA,NA
2020-06-03,GR,NA,NA,NA,NA,NA
2020-06-03,JU,NA,NA,NA,NA,NA
2020-06-03,LU,NA,NA,NA,NA,NA
2020-06-03,NE,NA,NA,NA,NA,NA
2020-06-03,NW,NA,NA,NA,NA,NA
2020-06-03,OW,NA,NA,NA,NA,NA
2020-06-03,SG,NA,NA,NA,NA,NA
2020-06-03,SH,NA,NA,NA,NA,NA
2020-06-03,SO,NA,NA,NA,NA,NA
2020-06-03,SZ,NA,NA,NA,NA,NA
2020-06-03,TG,NA,NA,NA,NA,NA
2020-06-03,TI,NA,NA,NA,NA,NA
2020-06-03,UR,NA,NA,NA,NA,NA
2020-06-03,VD,NA,NA,NA,NA,NA
2020-06-03,VS,NA,NA,NA,NA,NA
2020-06-03,ZG,NA,NA,NA,NA,NA
2020-06-03,ZH,NA,NA,NA,NA,NA
